Date,RPM,Speed,nGear,Throttle,Brake,DRS,Source,Time,SessionTime,Distance,Acceleration,v_squared,F_lost
2023-04-28 14:03:28.921,11056,86.11111111111111,8,100,False,8,car,90.521,0 days 01:17:55.499000,4944.438055555551,0.8547008547008659,7415.123456790124,4956.540079501507
2023-04-28 14:03:29.121,11054,86.38888888888889,8,100,False,8,car,90.721,0 days 01:17:55.699000,4961.715833333329,0.9797905416461816,7463.04012345679,4833.475519372577
2023-04-28 14:03:29.600,11101,86.38888888888889,8,100,False,8,car,91.2,0 days 01:17:56.178000,5003.096111111106,0.7568575401340212,7463.04012345679,5042.518864711271
2023-04-28 14:03:30.000,11117,86.94444444444444,8,100,False,8,car,91.6,0 days 01:17:56.578000,5037.873888888884,1.3888888888888573,7559.336419753086,4489.819308228638
2023-04-28 14:03:30.200,11056,87.22222222222221,8,100,False,8,car,91.8,0 days 01:17:56.778000,5055.318333333328,0.0,7607.716049382715,5593.7641864968155
2023-04-28 14:03:30.640,11120,86.94444444444444,8,100,False,8,car,92.24,0 days 01:17:57.218000,5093.573888888883,0.308641975308646,7559.336419753086,5387.946940685516
2023-04-28 14:03:31.000,11144,87.22222222222221,8,100,False,8,car,92.6,0 days 01:17:57.578000,5124.973888888882,0.4061078622481915,7607.716049382715,5301.218109493237
2023-04-28 14:03:31.400,11149,87.22222222222221,8,100,False,8,car,93.0,0 days 01:17:57.978000,5159.862777777772,0.5835667600373711,7607.716049382715,5156.4569657294915
2023-04-28 14:03:31.680,11190,87.5,8,100,False,8,car,93.28,0 days 01:17:58.258000,5184.362777777772,0.36075036075038724,7656.25,5344.165246291464
2023-04-28 14:03:32.080,11164,87.22222222222221,8,100,False,8,car,93.68,0 days 01:17:58.658000,5219.296111111106,1.1368683772161603e-13,7607.716049382715,5648.406600764237
2023-04-28 14:03:32.320,11194,87.5,8,100,False,8,car,93.92,0 days 01:17:58.898000,5240.296111111106,0.7233796296297044,7656.25,5045.2003215025825
2023-04-28 14:03:32.720,11217,87.5,8,100,False,8,car,94.32,0 days 01:17:59.298000,5275.296111111107,0.0,7656.25,5657.205282285714
2023-04-28 14:03:32.920,11208,87.5,8,100,False,8,car,94.52,0 days 01:17:59.498000,5292.796111111106,0.0,7656.25,5652.666203428571
2023-04-28 14:03:33.120,11197,87.5,8,100,False,8,car,94.72,0 days 01:17:59.698000,5310.296111111106,0.0,7656.25,5647.118440380952
2023-04-28 14:03:33.360,11219,87.5,8,100,False,8,car,94.96,0 days 01:17:59.938000,5331.296111111107,0.372023809523796,7656.25,5349.43420457144
2023-04-28 14:03:33.680,11229,87.77777777777777,8,100,False,8,car,95.28,0 days 01:18:00.258000,5359.384999999996,0.4050925925925526,7704.938271604937,5309.1088349836255
2023-04-28 14:03:34.440,11217,87.22222222222221,8,100,False,8,car,96.04,0 days 01:18:01.018000,5425.82944444444,0.6324684701797878,7607.716049382715,5150.273029368612
2023-04-28 14:03:34.641,11218,87.5,8,100,False,8,car,96.241,0 days 01:18:01.219000,5443.41694444444,1.8071490619465465,7656.25,4157.775902965319
2023-04-28 14:03:34.881,11224,88.05555555555556,8,100,False,8,car,96.481,0 days 01:18:01.459000,5464.550277777773,1.0802469135803108,7753.780864197531,4728.416318005944
2023-04-28 13:45:34.757,11073,85.83333333333333,8,100,False,8,car,90.32,0 days 01:00:01.335000,4850.797500000001,0.006979341150042728,7367.36111111111,5687.225614418279
2023-04-28 13:45:34.956,11075,86.11111111111111,8,100,False,8,car,90.519,0 days 01:00:01.534000,4867.9336111111115,1.6402596539711993,7415.123456790124,4314.263332365194
2023-04-28 13:45:35.236,11105,86.66666666666667,8,100,False,8,car,90.799,0 days 01:00:01.814000,4892.200277777778,0.9920634920634654,7511.111111111112,4831.159336202708
2023-04-28 13:45:35.516,11133,86.66666666666667,8,100,False,8,car,91.079,0 days 01:00:02.094000,4916.466944444444,0.8063173814957025,7511.111111111112,4999.585971050875
2023-04-28 13:45:35.837,11138,87.22222222222221,8,100,False,8,car,91.4,0 days 01:00:02.415000,4944.465277777777,0.5757015102808509,7607.716049382715,5157.419691944601
2023-04-28 13:45:36.277,11180,87.22222222222221,8,100,False,8,car,91.84,0 days 01:00:02.855000,4982.843055555555,5.684341886080802e-14,7607.716049382715,5656.50177324836
2023-04-28 13:45:36.677,11186,87.22222222222221,8,100,False,8,car,92.24,0 days 01:00:03.255000,5017.731944444444,0.0,7607.716049382715,5659.537462929938
2023-04-28 13:45:36.837,11176,87.22222222222221,8,100,False,8,car,92.4,0 days 01:00:03.415000,5031.687499999999,0.46296296296301875,7607.716049382715,5270.218720868083
2023-04-28 13:45:37.077,11156,87.5,8,100,False,8,car,92.64,0 days 01:00:03.655000,5052.6875,0.4629629629630472,7656.25,5242.181155216861
2023-04-28 13:45:37.237,11188,87.5,8,100,False,8,car,92.8,0 days 01:00:03.815000,5066.6875,0.0,7656.25,5642.57936152381
2023-04-28 13:45:37.677,11225,87.5,8,100,False,8,car,93.24,0 days 01:00:04.255000,5105.1875,0.9920634920634939,7656.25,4837.8273206349195
2023-04-28 13:45:37.957,11243,88.05555555555556,8,100,False,8,car,93.52,0 days 01:00:04.535000,5129.843055555556,1.058201058201064,7753.780864197531,4756.236420368196
2023-04-28 13:45:38.277,11259,88.05555555555556,8,100,False,8,car,93.84,0 days 01:00:04.855000,5158.020833333333,0.0,7753.780864197531,5642.561860694006
2023-04-28 13:45:38.477,11273,88.05555555555556,8,100,False,8,car,94.04,0 days 01:00:05.055000,5175.631944444444,4.263256414560601e-14,7753.780864197531,5649.578102460533
2023-04-28 13:45:39.357,11296,88.05555555555556,8,100,False,8,car,94.92,0 days 01:00:05.935000,5253.065277777779,1.1885683760683605,7753.780864197531,4674.593033226037
2023-04-28 13:45:39.557,11291,88.33333333333333,8,100,False,8,car,95.12,0 days 01:00:06.135000,5270.731944444445,0.6172839506172636,7802.777777777777,5128.458969289558
2023-04-28 13:45:39.917,11278,88.33333333333333,8,100,False,8,car,95.48,0 days 01:00:06.495000,5302.531944444445,0.2755731922398894,7802.777777777777,5405.584304780515
2023-04-28 13:45:40.277,11336,88.61111111111111,8,100,False,8,car,95.84,0 days 01:00:06.855000,5334.4319444444445,0.38580246913581107,7851.929012345679,5325.316638266179
2023-04-28 13:45:41.317,11326,88.61111111111111,8,100,False,10,car,96.88,0 days 01:00:07.895000,5426.520833333334,0.2658160552897755,7851.929012345679,5419.925181194125
2023-04-28 13:45:41.637,11339,88.61111111111111,8,100,False,8,car,97.2,0 days 01:00:08.215000,5454.876388888889,2.3342363910373365,7851.929012345679,3709.610537257193
2023-04-28 13:45:41.796,11377,89.16666666666667,8,100,False,8,car,97.359,0 days 01:00:08.374000,5469.05388888889,1.3314169532965536,7950.694444444445,4525.5734786704015
2023-07-28 15:48:53.838,11014,85.83333333333333,8,100,False,9,car,27.52,0 days 01:03:53.818000,1796.0061111111115,0.0,7367.36111111111,5662.684493980582
2023-07-28 15:48:54.038,11036,86.11111111111111,8,100,False,9,car,27.72,0 days 01:03:54.018000,1813.2283333333337,1.285636600659302,7415.123456790124,4588.613877452779
2023-07-28 15:48:54.277,11080,86.38888888888889,8,100,False,9,car,27.959,0 days 01:03:54.257000,1833.8752777777781,0.6270328180019078,7463.04012345679,5139.545979064847
2023-07-28 15:48:54.557,11102,86.38888888888889,8,100,False,9,car,28.239,0 days 01:03:54.537000,1858.0641666666672,1.1047979797979792,7463.04012345679,4754.239128600475
2023-07-28 15:48:54.717,11089,86.66666666666667,8,100,False,9,car,28.399,0 days 01:03:54.697000,1871.930833333334,0.8680555555555998,7511.111111111112,4925.938858888851
2023-07-28 15:48:54.877,11124,86.66666666666667,8,100,False,9,car,28.559,0 days 01:03:54.857000,1885.7975000000004,1.4210854715202004e-14,7511.111111111112,5664.246673846143
2023-07-28 15:48:55.157,11114,86.66666666666667,8,100,False,9,car,28.839,0 days 01:03:55.137000,1910.064166666667,0.0,7511.111111111112,5659.154758461538
2023-07-28 15:48:55.317,11122,86.66666666666667,8,100,False,9,car,28.999,0 days 01:03:55.297000,1923.9308333333338,0.28935185185184764,7511.111111111112,5423.066253732197
2023-07-28 15:48:55.637,11176,86.94444444444444,8,100,False,9,car,29.319,0 days 01:03:55.617000,1951.753055555556,0.8680555555555145,7559.336419753086,4952.057293872948
2023-07-28 15:48:55.957,11145,87.22222222222221,8,100,False,9,car,29.639,0 days 01:03:55.937000,1979.6641666666671,1.1885683760684174,7607.716049382715,4652.281831302705
2023-07-28 15:48:56.157,11159,87.5,8,100,False,9,car,29.839,0 days 01:03:56.137000,1997.1641666666671,0.6944444444444571,7656.25,5051.564551873005
2023-07-28 15:48:56.357,11179,87.5,8,100,False,9,car,30.039,0 days 01:03:56.337000,2014.6641666666671,2.842170943040401e-14,7656.25,5638.040282666643
2023-07-28 15:48:56.557,11191,87.5,8,100,False,9,car,30.239,0 days 01:03:56.537000,2032.1641666666674,0.275573192239861,7656.25,5415.366638250439
2023-07-28 15:48:57.397,11188,87.5,8,100,False,9,car,31.079,0 days 01:03:57.377000,2105.7641666666673,0.0,7656.25,5642.57936152381
2023-07-28 15:49:59.038,11000,85.55555555555556,8,100,False,9,car,92.72,0 days 01:04:59.018000,5686.9675000000025,1.8683862433862544,7319.753086419753,4123.08798941798
2023-07-28 15:49:59.318,11012,86.11111111111111,8,100,False,9,car,93.0,0 days 01:04:59.298000,5711.078611111114,0.9920634920634654,7415.123456790124,4819.980118103453
2023-07-28 15:49:59.598,11076,86.11111111111111,8,100,False,9,car,93.28,0 days 01:04:59.578000,5735.189722222225,0.8101851851851336,7415.123456790124,5003.73761810279
2023-07-28 15:49:59.798,11075,86.38888888888889,8,100,False,9,car,93.48,0 days 01:04:59.778000,5752.467500000002,0.7575757575756938,7463.04012345679,5028.641195167158
2023-07-28 15:50:00.038,11082,86.38888888888889,8,100,False,9,car,93.72,0 days 01:05:00.018000,5773.200833333336,0.4578754578754456,7463.04012345679,5280.96824559039
2023-07-28 15:50:00.318,11132,86.66666666666667,8,100,False,9,car,94.0,0 days 01:05:00.298000,5797.4675000000025,0.8517716851050352,7511.111111111112,4961.349707516666
2023-07-28 15:50:00.758,11182,86.94444444444444,8,100,False,9,car,94.44,0 days 01:05:00.738000,5835.723055555558,0.2658160552897755,7559.336419753086,5454.96146746412
2023-07-28 15:50:01.078,11134,86.94444444444444,8,100,False,9,car,94.76,0 days 01:05:01.058000,5863.54527777778,0.43402777777777146,7559.336419753086,5290.982630834226
2023-07-28 15:50:01.717,11167,86.66666666666667,8,100,False,9,car,95.399,0 days 01:05:01.697000,5919.103055555558,0.5744694988180186,7511.111111111112,5209.332225981045
2023-07-28 15:50:01.877,11167,86.94444444444444,8,100,False,9,car,95.559,0 days 01:05:01.857000,5933.014166666669,1.4384920634920917,7559.336419753086,4474.02690972968
2023-07-28 15:50:02.277,11206,87.22222222222221,8,100,False,9,car,95.959,0 days 01:05:02.257000,5967.903055555556,0.8695144724556485,7607.716049382715,4947.959416396844
2023-07-28 15:50:02.557,11219,87.5,8,100,False,9,car,96.239,0 days 01:05:02.537000,5992.403055555556,0.36075036075038724,7656.25,5358.7911670533695
2023-07-28 15:50:02.717,11230,87.5,8,100,False,9,car,96.399,0 days 01:05:02.697000,6006.403055555557,0.2893518518519187,7656.25,5423.599692486717
2023-07-28 15:50:03.037,11243,87.77777777777777,8,100,False,9,car,96.719,0 days 01:05:03.017000,6034.491944444446,0.29055497805507,7704.938271604937,5411.213500113026
2023-07-28 15:50:03.198,11270,87.77777777777777,8,100,False,9,car,96.88,0 days 01:05:03.178000,6048.624166666668,0.36218190980093823,7704.938271604937,5365.337290814588
2023-07-28 15:50:03.478,11255,88.05555555555556,8,100,False,9,car,97.16,0 days 01:05:03.458000,6073.279722222224,0.457875457875474,7753.780864197531,5260.520590152631
2023-07-28 15:50:04.918,11036,85.55555555555556,8,100,False,9,car,98.6,0 days 01:05:04.898000,6198.324166666668,0.3832972582971479,7319.753086419753,5374.280806002977
2023-07-28 15:50:05.078,11035,85.83333333333333,8,100,False,9,car,98.76,0 days 01:05:05.058000,6212.057500000001,1.1047979797978371,7367.36111111111,4756.499008806631
2023-07-28 15:50:05.798,11040,85.83333333333333,8,100,False,9,car,99.48,0 days 01:05:05.778000,6273.857500000001,1.9097222222221149,7367.36111111111,4090.9825633226355
2023-07-28 15:50:05.998,11073,86.38888888888889,8,100,False,9,car,99.68,0 days 01:05:05.978000,6291.135277777779,2.043269230769198,7463.04012345679,3960.4939547959702
2023-07-28 15:50:06.318,11127,86.66666666666667,8,100,False,9,car,100.0,0 days 01:05:06.298000,6318.868611111113,0.8680555555555713,7511.111111111112,4945.288137350414
2023-07-28 15:50:06.638,11170,86.94444444444444,8,100,False,9,car,100.32,0 days 01:05:06.618000,6346.690833333335,0.8680555555555429,7559.336419753086,4949.011905502319
2023-07-28 15:50:06.958,11163,87.22222222222221,8,100,False,9,car,100.64,0 days 01:05:06.938000,6374.601944444446,0.2893518518517908,7607.716049382715,5407.7386154470905
2023-07-28 15:50:07.398,11202,87.22222222222221,8,100,False,9,car,101.08,0 days 01:05:07.378000,6412.979722222224,0.2455106621773524,7607.716049382715,5463.85878580681
2023-07-28 15:23:00.432,11032,86.66666666666667,8,100,False,9,car,30.04,0 days 00:38:00.412000,1978.3525,1.4578610329003823,7511.111111111112,4407.376395000375
2023-07-28 15:23:01.192,11106,87.5,8,100,False,9,car,30.8,0 days 00:38:01.172000,2044.6858333333332,0.0826719576718915,7656.25,5532.605584846615
2023-07-28 15:23:02.472,11093,87.22222222222221,8,100,False,9,car,32.08,0 days 00:38:02.452000,2156.4413888888885,0.49102132435464796,7607.716049382715,5204.936573651885
2023-07-28 15:23:02.912,11155,87.77777777777777,8,100,False,9,car,32.52,0 days 00:38:02.892000,2195.063611111111,0.49102132435464796,7704.938271604937,5200.584778000833
2023-07-28 15:24:09.192,11039,86.38888888888889,8,100,False,9,car,98.8,0 days 00:39:09.172000,5795.744999999996,0.5787037037036669,7463.04012345679,5158.715162710522
2023-07-28 15:24:09.432,11029,86.66666666666667,8,100,False,9,car,99.04,0 days 00:39:09.412000,5816.5449999999955,0.7233796296295765,7511.111111111112,5015.468385099759
2023-07-28 15:24:09.832,11058,86.66666666666667,8,100,False,9,car,99.44,0 days 00:39:09.812000,5851.2116666666625,0.5835667600373142,7511.111111111112,5146.279621476721
2023-07-28 15:24:10.112,11134,86.94444444444444,8,100,False,9,car,99.72,0 days 00:39:10.092000,5875.556111111107,0.36075036075038724,7559.336419753086,5351.802886966955
2023-07-28 15:24:10.632,11051,86.66666666666667,8,100,False,9,car,100.24,0 days 00:39:10.612000,5920.667222222219,0.33537788073869734,7511.111111111112,5348.712050525343
2023-07-28 15:24:11.073,11113,87.22222222222221,8,100,False,9,car,100.681,0 days 00:39:11.053000,5959.132222222219,0.02669081819715302,7607.716049382715,5600.449859367701
2023-07-28 15:24:11.393,11115,86.94444444444444,8,100,False,9,car,101.001,0 days 00:39:11.373000,5986.954444444441,0.28935185185187606,7559.336419753086,5401.419919512463
2023-07-28 15:24:11.633,11119,87.22222222222221,8,100,False,9,car,101.241,0 days 00:39:11.613000,6007.887777777775,0.4629629629630472,7607.716049382715,5241.379668893537
2023-07-28 15:24:11.793,11113,87.22222222222221,8,100,False,9,car,101.401,0 days 00:39:11.773000,6021.8433333333305,4.263256414560601e-14,7607.716049382715,5622.603238471303
2023-07-28 15:24:12.153,11154,87.22222222222221,8,100,False,9,car,101.761,0 days 00:39:12.133000,6053.24333333333,2.4038461538459046,7607.716049382715,3648.154810269684
2023-07-28 15:24:12.313,11169,87.77777777777777,8,100,False,9,car,101.921,0 days 00:39:12.293000,6067.287777777774,1.488095238094914,7704.938271604937,4380.051874659704
2023-07-28 15:24:12.793,11201,87.5,8,100,False,9,car,102.401,0 days 00:39:12.773000,6109.209999999996,0.6172839506172778,7656.25,5136.790129749564
2023-07-28 15:24:14.392,11036,86.11111111111111,8,100,False,9,car,104.0,0 days 00:39:14.372000,6247.701666666662,0.0,7415.123456790124,5655.692255999999
2023-07-28 15:24:14.632,11024,86.11111111111111,8,100,False,9,car,104.24,0 days 00:39:14.612000,6268.36833333333,1.7361111111109437,7415.123456790124,4208.57031403598
2023-07-28 15:24:14.872,11077,86.94444444444444,8,100,False,9,car,104.48,0 days 00:39:14.852000,6289.234999999996,1.3888888888888005,7559.336419753086,4469.516719091305
2023-07-28 15:24:15.432,11090,87.22222222222221,8,100,False,9,car,105.04,0 days 00:39:15.412000,6337.946111111107,0.925925925925867,7607.716049382715,4842.447909507007
2023-07-28 15:24:15.592,11107,87.22222222222221,8,100,False,9,car,105.2,0 days 00:39:15.572000,6351.901666666662,0.2893518518519187,7607.716049382715,5379.405511752717
2023-07-28 15:24:15.912,11136,87.5,8,100,False,9,car,105.52,0 days 00:39:15.892000,6379.901666666663,0.40509259259260944,7656.25,5280.126720719562
2023-07-28 15:24:16.192,11122,87.5,8,100,False,9,car,105.8,0 days 00:39:16.172000,6404.401666666663,5.684341886080802e-14,7656.25,5609.292783238048
2023-09-02 14:39:43.338,11245,87.77777777777777,8,100,False,8,car,0.0,0 days 00:54:43.227000,20.10111111111111,1.1574074074074403,7704.938271604937,4692.731475902458
2023-09-02 14:39:43.578,11294,88.05555555555556,8,100,False,8,car,0.24,0 days 00:54:43.467000,41.234444444444435,1.2836700336700346,7753.780864197531,4594.656337164281
2023-09-02 14:39:43.778,11336,88.33333333333333,8,100,False,8,car,0.44,0 days 00:54:43.667000,58.901111111111106,1.8563034188034635,7802.777777777777,4122.554097487466
2023-09-02 14:39:44.098,11388,89.16666666666667,8,100,False,8,car,0.76,0 days 00:54:43.987000,87.43444444444444,1.2152777777777999,7950.694444444445,4627.413060893024
2023-09-02 14:40:06.498,11023,85.83333333333333,8,100,False,8,car,23.16,0 days 00:55:06.387000,1571.0422222222223,1.538970288970262,7367.36111111111,4389.966370445944
2023-09-02 14:40:06.778,11089,86.38888888888889,8,100,False,8,car,23.44,0 days 00:55:06.667000,1595.2311111111114,1.7912257495590893,7463.04012345679,4177.863305164991
2023-09-02 14:40:07.138,11168,86.94444444444444,8,100,False,8,car,23.8,0 days 00:55:07.027000,1626.5311111111114,1.3117283950617207,7559.336419753086,4579.748319255321
2023-09-02 14:40:07.378,11198,87.22222222222221,8,100,False,8,car,24.04,0 days 00:55:07.267000,1647.4644444444446,2.0412457912458137,7607.716049382715,3971.3748355589696
2023-09-02 14:40:07.578,11202,87.77777777777777,8,100,False,8,car,24.24,0 days 00:55:07.467000,1665.0200000000004,2.0412457912457853,7704.938271604937,3937.5275360508085
2023-09-02 14:40:07.818,11278,88.05555555555556,8,100,False,8,car,24.48,0 days 00:55:07.707000,1686.1533333333336,1.0333994708994823,7753.780864197531,4794.362342244913
2023-09-02 14:40:08.138,11315,88.33333333333333,8,100,False,8,car,24.8,0 days 00:55:08.027000,1714.4200000000003,0.768374534821902,7802.777777777777,5015.04380402235
2023-09-02 14:40:08.578,11388,88.61111111111111,8,100,False,8,car,25.24,0 days 00:55:08.467000,1753.4088888888894,2.4695484254307303,7851.929012345679,3621.7044334755656
2023-09-02 14:40:08.818,11439,89.44444444444444,8,100,False,8,car,25.48,0 days 00:55:08.707000,1774.8755555555558,1.984126984126945,8000.308641975308,3996.9271082678038
2023-09-02 14:40:09.138,11477,89.44444444444444,8,100,False,8,car,25.8,0 days 00:55:09.027000,1803.497777777778,1.3227513227513157,8000.308641975308,4564.617276402122
2023-09-02 14:40:09.378,11490,90.0,8,100,False,8,car,26.04,0 days 00:55:09.267000,1825.097777777778,1.7071759259259238,8100.0,4216.965470370373
2023-09-02 14:40:09.978,11564,90.0,8,100,False,8,car,26.64,0 days 00:55:09.867000,1879.2088888888893,0.6944444444444855,8100.0,5093.817211851818
2023-09-02 14:40:10.178,11581,90.55555555555556,8,100,False,8,car,26.84,0 days 00:55:10.067000,1897.3200000000004,1.234567901234584,8200.308641975309,4619.012717312718
2023-09-02 14:40:10.338,11600,90.55555555555556,8,100,False,8,car,27.0,0 days 00:55:10.227000,1911.8088888888892,0.4629629629629619,8200.308641975309,5268.703980004546
2023-09-02 14:40:10.578,11618,90.83333333333333,8,100,False,8,car,27.24,0 days 00:55:10.467000,1933.6088888888894,0.4646947446199192,8250.694444444443,5258.724266185651
2023-09-02 14:40:49.098,11099,86.11111111111111,8,100,False,8,car,65.76,0 days 00:55:48.987000,4508.253055555559,2.8108465608465565,7415.123456790124,3354.97563914252
2023-09-02 14:40:49.418,11141,87.22222222222221,8,100,False,8,car,66.08,0 days 00:55:49.307000,4536.164166666669,2.190170940170958,7607.716049382715,3818.927909976577
2023-09-02 14:40:49.618,11208,87.5,8,100,False,8,car,66.28,0 days 00:55:49.507000,4553.664166666669,0.6944444444444571,7656.25,5076.277314539671
2023-09-02 14:40:49.818,11249,87.5,8,100,False,8,car,66.48,0 days 00:55:49.707000,4571.164166666669,0.41335978835977016,7656.25,5330.255604994724
2023-09-02 14:40:50.098,11259,87.77777777777777,8,100,False,8,car,66.76,0 days 00:55:49.987000,4595.741944444447,1.219041330981696,7704.938271604937,4648.613764399117
2023-09-02 14:40:50.299,11295,88.05555555555556,8,100,False,8,car,66.961,0 days 00:55:50.188000,4613.441111111113,1.8071490619465749,7753.780864197531,4160.669903820935
2023-09-02 14:40:50.539,11376,88.61111111111111,8,100,False,8,car,67.201,0 days 00:55:50.428000,4634.70777777778,0.9259259259260375,7851.929012345679,4896.934891387345
2023-09-02 14:40:50.699,11376,88.61111111111111,8,100,False,8,car,67.361,0 days 00:55:50.588000,4648.885555555558,0.5952380952381162,7851.929012345679,5171.405790858319
2023-09-02 14:40:51.099,11457,89.44444444444444,8,100,False,8,car,67.761,0 days 00:55:50.988000,4684.663333333336,1.4414098972922602,8000.308641975308,4456.2630968002195
2023-09-02 14:40:51.379,11499,89.72222222222221,8,100,False,8,car,68.041,0 days 00:55:51.268000,4709.785555555558,1.492544737731066,8050.077160493825,4416.978493813247
2023-09-02 14:40:51.658,11547,90.27777777777777,8,100,False,8,car,68.32,0 days 00:55:51.547000,4734.973055555559,0.9208039539322215,8150.077160493826,4880.182025067026
2023-09-02 14:40:51.898,11615,90.27777777777777,8,100,False,8,car,68.56,0 days 00:55:51.787000,4756.639722222225,1.0416666666667425,8150.077160493826,4813.105997128143
2023-09-02 14:40:52.058,11572,90.55555555555556,8,100,False,8,car,68.72,0 days 00:55:51.947000,4771.128611111113,1.0416666666666572,8200.308641975309,4774.734822249497
2023-09-02 14:40:52.498,11660,90.27777777777777,8,100,False,8,car,69.16,0 days 00:55:52.387000,4810.917500000001,0.1469017094016749,8150.077160493826,5577.757986119687
2023-09-02 14:40:52.818,11646,91.11111111111111,8,100,False,8,car,69.48,0 days 00:55:52.707000,4840.073055555557,1.7361111111110574,8301.234567901236,4199.80196363148
2023-09-02 14:40:53.138,11694,91.38888888888889,8,100,False,8,car,69.8,0 days 00:55:53.027000,4869.317500000001,0.4822530864197603,8351.929012345678,5246.537188849106
2023-09-02 14:40:53.538,11739,91.38888888888889,8,100,False,8,car,70.2,0 days 00:55:53.427000,4905.873055555557,0.0,8351.929012345678,5668.536883404256
2023-09-02 14:40:53.698,11745,91.38888888888889,8,100,False,8,car,70.36,0 days 00:55:53.587000,4920.495277777779,0.8680555555555998,8351.929012345678,4950.948056670008
2023-09-02 14:40:53.858,11725,91.66666666666667,8,100,False,8,car,70.52,0 days 00:55:53.747000,4935.161944444445,0.9645061728396485,8402.77777777778,4844.079531088546
2023-09-02 14:40:54.218,11732,91.38888888888889,8,100,False,8,car,70.88,0 days 00:55:54.107000,4968.061944444445,0.9645061728394353,8351.929012345678,4864.616594841141
2023-09-02 14:03:55.411,11261,87.5,8,100,False,8,car,0.0,0 days 00:18:55.300000,13.5625,1.7361111111110716,7656.25,4238.424112254001
2023-09-02 14:03:55.571,11269,87.77777777777777,8,100,False,8,car,0.16,0 days 00:18:55.460000,27.606944444444444,1.8262987012986258,7704.938271604937,4149.617607795559
2023-09-02 14:03:55.851,11325,88.33333333333333,8,100,False,8,car,0.44,0 days 00:18:55.740000,52.34027777777777,2.0249766573296313,7802.777777777777,3977.0598838503684
2023-09-02 14:03:56.251,11402,89.16666666666667,8,100,False,8,car,0.84,0 days 00:18:56.140000,88.00694444444444,0.857843137254946,7950.694444444445,4931.012624489609
2023-09-02 14:04:19.090,11053,85.83333333333333,8,100,False,8,car,23.679,0 days 00:19:18.979000,1611.853333333333,2.678571428571388,7367.36111111111,3459.521478945942
2023-09-02 14:04:19.290,11080,86.66666666666667,8,100,False,8,car,23.879,0 days 00:19:19.179000,1629.1866666666663,1.7466329966329681,7511.111111111112,4192.136858948483
2023-09-02 14:04:19.530,11160,86.38888888888889,8,100,False,8,car,24.119,0 days 00:19:19.419000,1649.9199999999998,1.7287664098253401,7463.04012345679,4265.97340267455
2023-09-02 14:04:19.731,11173,87.22222222222221,8,100,False,8,car,24.32,0 days 00:19:19.620000,1667.4516666666666,3.7708215616286225,7607.716049382715,2523.178239134868
2023-09-02 14:04:19.891,11191,87.77777777777777,8,100,False,8,car,24.48,0 days 00:19:19.780000,1681.496111111111,1.311728395061749,7704.938271604937,4537.496768048116
2023-09-02 14:04:20.091,11204,87.5,8,100,False,8,car,24.68,0 days 00:19:19.980000,1698.996111111111,0.0,7656.25,5650.648835047619
2023-09-02 14:04:20.291,11266,87.77777777777777,8,100,False,8,car,24.88,0 days 00:19:20.180000,1716.5516666666665,1.2836700336700062,7704.938271604937,4598.491163699466
2023-09-02 14:04:20.531,11278,88.05555555555556,8,100,False,8,car,25.12,0 days 00:19:20.420000,1737.6849999999997,0.9717270746682658,7753.780864197531,4845.550431116822
2023-09-02 14:04:20.971,11338,88.33333333333333,8,100,False,8,car,25.56,0 days 00:19:20.860000,1776.5516666666665,1.720637750049491,7802.777777777777,4236.15577085515
2023-09-02 14:04:21.211,11372,88.88888888888889,8,100,False,8,car,25.8,0 days 00:19:21.100000,1797.8849999999998,1.7071759259258954,7901.234567901234,4228.807002481506
2023-09-02 14:04:21.611,11414,89.16666666666667,8,100,False,8,car,26.2,0 days 00:19:21.500000,1833.5516666666667,0.6944444444444429,7950.694444444445,5072.57252120457
2023-09-02 14:04:22.011,11479,89.44444444444444,8,100,False,8,car,26.6,0 days 00:19:21.900000,1869.3294444444443,1.7071759259259522,8000.308641975308,4246.531612040466
2023-09-02 14:04:22.251,11478,90.0,8,100,False,8,car,26.84,0 days 00:19:22.140000,1890.9294444444445,1.9675925925925526,8100.0,3994.935645925959
2023-09-02 14:04:22.411,11500,90.27777777777777,8,100,False,8,car,27.0,0 days 00:19:22.300000,1905.3738888888888,1.2400793650793105,8150.077160493826,4592.208711599558
2023-09-02 14:04:22.811,11528,90.27777777777777,8,100,False,8,car,27.4,0 days 00:19:22.700000,1941.485,0.0,8150.077160493826,5635.161653169231
2023-09-02 14:05:01.651,11049,85.83333333333333,8,100,False,8,car,66.24,0 days 00:20:01.540000,4513.612499999998,1.6767568850901853,7367.36111111111,4288.971009452816
2023-09-02 14:05:01.811,11064,86.11111111111111,8,100,False,8,car,66.4,0 days 00:20:01.700000,4527.390277777777,2.6041666666666288,7415.123456790124,3508.583268731214
2023-09-02 14:05:01.971,11113,86.66666666666667,8,100,False,8,car,66.56,0 days 00:20:01.860000,4541.256944444443,2.89351851851859,7511.111111111112,3257.025196552647
2023-09-02 14:05:02.291,11163,87.22222222222221,8,100,False,8,car,66.88,0 days 00:20:02.180000,4569.168055555554,2.397486772486758,7607.716049382715,3657.986631320068
2023-09-02 14:05:02.571,11230,88.05555555555556,8,100,False,8,car,67.16,0 days 00:20:02.460000,4593.82361111111,2.0116843033509895,7753.780864197531,3958.330245253379
2023-09-02 14:05:02.931,11271,88.33333333333333,8,100,False,8,car,67.52,0 days 00:20:02.820000,4625.62361111111,1.064002599090287,7802.777777777777,4747.69080803808
2023-09-02 14:05:03.331,11388,88.88888888888889,8,100,False,8,car,67.92,0 days 00:20:03.220000,4661.179166666666,1.1554621848739544,7901.234567901234,4694.6727955546185
2023-09-02 14:05:03.611,11435,89.16666666666667,8,100,False,8,car,68.2,0 days 00:20:03.500000,4686.145833333333,1.7043142043142154,7950.694444444445,4244.773838456584
2023-09-02 14:05:03.851,11505,89.72222222222221,8,100,False,8,car,68.44,0 days 00:20:03.740000,4707.679166666666,1.8097643097643186,8050.077160493825,4156.637352926577
2023-09-02 14:05:04.051,11515,90.0,8,100,False,8,car,68.64,0 days 00:20:03.940000,4725.679166666666,0.6944444444444571,8100.0,5069.790914814805
2023-09-02 14:05:04.251,11532,90.0,8,100,False,8,car,68.84,0 days 00:20:04.140000,4743.679166666666,0.6944444444444002,8100.0,5078.126568888925
2023-09-02 14:05:04.451,11570,90.27777777777777,8,100,False,8,car,69.04,0 days 00:20:04.340000,4761.734722222221,0.6944444444444287,8150.077160493826,5079.303367111124
2023-09-02 14:05:04.651,11610,90.27777777777777,8,100,False,8,car,69.24,0 days 00:20:04.540000,4779.790277777776,1.929012345678757,8150.077160493826,4074.1649641635554
2023-09-02 14:05:04.811,11583,90.83333333333333,8,100,False,8,car,69.4,0 days 00:20:04.700000,4794.323611111111,1.929012345678757,8250.694444444443,4026.3364628114027
2023-09-02 14:05:05.011,11657,90.83333333333333,8,100,False,8,car,69.6,0 days 00:20:04.900000,4812.490277777777,0.5260942760942271,8250.694444444443,5226.710186071149
2023-09-02 14:05:05.251,11655,91.11111111111111,8,100,False,8,car,69.84,0 days 00:20:05.140000,4834.356944444445,0.5774955540091185,8301.234567901236,5165.812052367553
2023-09-02 14:05:05.490,11667,91.11111111111111,8,100,False,8,car,70.079,0 days 00:20:05.379000,4856.1325,1.0399262043997624,8301.234567901236,4787.806847665271
2023-09-02 14:05:05.650,11667,91.38888888888889,8,100,False,8,car,70.239,0 days 00:20:05.539000,4870.754722222223,1.0433984483234724,8351.929012345678,4767.748758772977
2023-09-02 14:05:05.891,11657,91.38888888888889,8,100,False,8,car,70.48,0 days 00:20:05.780000,4892.779444444445,2.842170943040401e-14,8351.929012345678,5628.940663586603
2023-09-02 14:05:06.131,11717,91.38888888888889,8,100,False,8,car,70.72,0 days 00:20:06.020000,4914.712777777778,1.0416666666667993,8351.929012345678,4793.3301740221805
2023-09-02 14:05:06.291,11728,91.66666666666667,8,100,False,8,car,70.88,0 days 00:20:06.180000,4929.379444444444,1.0416666666667709,8402.77777777778,4781.480573575671
2023-09-02 14:05:16.891,11088,86.11111111111111,8,100,False,8,car,81.48,0 days 00:20:16.780000,5698.235833333335,2.336860670193971,7415.123456790124,3742.746685287391
2023-09-02 14:05:17.091,11090,86.66666666666667,8,100,False,8,car,81.68,0 days 00:20:16.980000,5715.569166666667,2.033730158730137,7511.111111111112,3958.9381297924474
2023-09-02 14:05:17.371,11182,86.94444444444444,8,100,False,8,car,81.96,0 days 00:20:17.260000,5739.913611111112,0.9920634920635159,7559.336419753086,4852.176094941916
2023-09-02 14:39:43.338,11245,87.77777777777777,8,100,False,8,car,0.0,0 days 00:54:43.227000,20.10111111111111,1.1574074074074403,7704.938271604937,4692.731475902458
2023-09-02 14:39:43.578,11294,88.05555555555556,8,100,False,8,car,0.24,0 days 00:54:43.467000,41.234444444444435,1.2836700336700346,7753.780864197531,4594.656337164281
2023-09-02 14:39:43.778,11336,88.33333333333333,8,100,False,8,car,0.44,0 days 00:54:43.667000,58.901111111111106,1.8563034188034635,7802.777777777777,4122.554097487466
2023-09-02 14:39:44.098,11388,89.16666666666667,8,100,False,8,car,0.76,0 days 00:54:43.987000,87.43444444444444,1.2152777777777999,7950.694444444445,4627.413060893024
2023-09-02 14:40:06.498,11023,85.83333333333333,8,100,False,8,car,23.16,0 days 00:55:06.387000,1571.0422222222223,1.538970288970262,7367.36111111111,4389.966370445944
2023-09-02 14:40:06.778,11089,86.38888888888889,8,100,False,8,car,23.44,0 days 00:55:06.667000,1595.2311111111114,1.7912257495590893,7463.04012345679,4177.863305164991
2023-09-02 14:40:07.138,11168,86.94444444444444,8,100,False,8,car,23.8,0 days 00:55:07.027000,1626.5311111111114,1.3117283950617207,7559.336419753086,4579.748319255321
2023-09-02 14:40:07.378,11198,87.22222222222221,8,100,False,8,car,24.04,0 days 00:55:07.267000,1647.4644444444446,2.0412457912458137,7607.716049382715,3971.3748355589696
2023-09-02 14:40:07.578,11202,87.77777777777777,8,100,False,8,car,24.24,0 days 00:55:07.467000,1665.0200000000004,2.0412457912457853,7704.938271604937,3937.5275360508085
2023-09-02 14:40:07.818,11278,88.05555555555556,8,100,False,8,car,24.48,0 days 00:55:07.707000,1686.1533333333336,1.0333994708994823,7753.780864197531,4794.362342244913
2023-09-02 14:40:08.138,11315,88.33333333333333,8,100,False,8,car,24.8,0 days 00:55:08.027000,1714.4200000000003,0.768374534821902,7802.777777777777,5015.04380402235
2023-09-02 14:40:08.578,11388,88.61111111111111,8,100,False,8,car,25.24,0 days 00:55:08.467000,1753.4088888888894,2.4695484254307303,7851.929012345679,3621.7044334755656
2023-09-02 14:40:08.818,11439,89.44444444444444,8,100,False,8,car,25.48,0 days 00:55:08.707000,1774.8755555555558,1.984126984126945,8000.308641975308,3996.9271082678038
2023-09-02 14:40:09.138,11477,89.44444444444444,8,100,False,8,car,25.8,0 days 00:55:09.027000,1803.497777777778,1.3227513227513157,8000.308641975308,4564.617276402122
2023-09-02 14:40:09.378,11490,90.0,8,100,False,8,car,26.04,0 days 00:55:09.267000,1825.097777777778,1.7071759259259238,8100.0,4216.965470370373
2023-09-02 14:40:09.978,11564,90.0,8,100,False,8,car,26.64,0 days 00:55:09.867000,1879.2088888888893,0.6944444444444855,8100.0,5093.817211851818
2023-09-02 14:40:10.178,11581,90.55555555555556,8,100,False,8,car,26.84,0 days 00:55:10.067000,1897.3200000000004,1.234567901234584,8200.308641975309,4619.012717312718
2023-09-02 14:40:10.338,11600,90.55555555555556,8,100,False,8,car,27.0,0 days 00:55:10.227000,1911.8088888888892,0.4629629629629619,8200.308641975309,5268.703980004546
2023-09-02 14:40:10.578,11618,90.83333333333333,8,100,False,8,car,27.24,0 days 00:55:10.467000,1933.6088888888894,0.4646947446199192,8250.694444444443,5258.724266185651
2023-09-02 14:40:49.098,11099,86.11111111111111,8,100,False,8,car,65.76,0 days 00:55:48.987000,4508.253055555559,2.8108465608465565,7415.123456790124,3354.97563914252
2023-09-02 14:40:49.418,11141,87.22222222222221,8,100,False,8,car,66.08,0 days 00:55:49.307000,4536.164166666669,2.190170940170958,7607.716049382715,3818.927909976577
2023-09-02 14:40:49.618,11208,87.5,8,100,False,8,car,66.28,0 days 00:55:49.507000,4553.664166666669,0.6944444444444571,7656.25,5076.277314539671
2023-09-02 14:40:49.818,11249,87.5,8,100,False,8,car,66.48,0 days 00:55:49.707000,4571.164166666669,0.41335978835977016,7656.25,5330.255604994724
2023-09-02 14:40:50.098,11259,87.77777777777777,8,100,False,8,car,66.76,0 days 00:55:49.987000,4595.741944444447,1.219041330981696,7704.938271604937,4648.613764399117
2023-09-02 14:40:50.299,11295,88.05555555555556,8,100,False,8,car,66.961,0 days 00:55:50.188000,4613.441111111113,1.8071490619465749,7753.780864197531,4160.669903820935
2023-09-02 14:40:50.539,11376,88.61111111111111,8,100,False,8,car,67.201,0 days 00:55:50.428000,4634.70777777778,0.9259259259260375,7851.929012345679,4896.934891387345
2023-09-02 14:40:50.699,11376,88.61111111111111,8,100,False,8,car,67.361,0 days 00:55:50.588000,4648.885555555558,0.5952380952381162,7851.929012345679,5171.405790858319
2023-09-02 14:40:51.099,11457,89.44444444444444,8,100,False,8,car,67.761,0 days 00:55:50.988000,4684.663333333336,1.4414098972922602,8000.308641975308,4456.2630968002195
2023-09-02 14:40:51.379,11499,89.72222222222221,8,100,False,8,car,68.041,0 days 00:55:51.268000,4709.785555555558,1.492544737731066,8050.077160493825,4416.978493813247
2023-09-02 14:40:51.658,11547,90.27777777777777,8,100,False,8,car,68.32,0 days 00:55:51.547000,4734.973055555559,0.9208039539322215,8150.077160493826,4880.182025067026
2023-09-02 14:40:51.898,11615,90.27777777777777,8,100,False,8,car,68.56,0 days 00:55:51.787000,4756.639722222225,1.0416666666667425,8150.077160493826,4813.105997128143
2023-09-02 14:40:52.058,11572,90.55555555555556,8,100,False,8,car,68.72,0 days 00:55:51.947000,4771.128611111113,1.0416666666666572,8200.308641975309,4774.734822249497
2023-09-02 14:40:52.498,11660,90.27777777777777,8,100,False,8,car,69.16,0 days 00:55:52.387000,4810.917500000001,0.1469017094016749,8150.077160493826,5577.757986119687
2023-09-02 14:40:52.818,11646,91.11111111111111,8,100,False,8,car,69.48,0 days 00:55:52.707000,4840.073055555557,1.7361111111110574,8301.234567901236,4199.80196363148
2023-09-02 14:40:53.138,11694,91.38888888888889,8,100,False,8,car,69.8,0 days 00:55:53.027000,4869.317500000001,0.4822530864197603,8351.929012345678,5246.537188849106
2023-09-02 14:40:53.538,11739,91.38888888888889,8,100,False,8,car,70.2,0 days 00:55:53.427000,4905.873055555557,0.0,8351.929012345678,5668.536883404256
2023-09-02 14:40:53.698,11745,91.38888888888889,8,100,False,8,car,70.36,0 days 00:55:53.587000,4920.495277777779,0.8680555555555998,8351.929012345678,4950.948056670008
2023-09-02 14:40:53.858,11725,91.66666666666667,8,100,False,8,car,70.52,0 days 00:55:53.747000,4935.161944444445,0.9645061728396485,8402.77777777778,4844.079531088546
2023-09-02 14:40:54.218,11732,91.38888888888889,8,100,False,8,car,70.88,0 days 00:55:54.107000,4968.061944444445,0.9645061728394353,8351.929012345678,4864.616594841141
2023-09-02 14:03:55.411,11261,87.5,8,100,False,8,car,0.0,0 days 00:18:55.300000,13.5625,1.7361111111110716,7656.25,4238.424112254001
2023-09-02 14:03:55.571,11269,87.77777777777777,8,100,False,8,car,0.16,0 days 00:18:55.460000,27.606944444444444,1.8262987012986258,7704.938271604937,4149.617607795559
2023-09-02 14:03:55.851,11325,88.33333333333333,8,100,False,8,car,0.44,0 days 00:18:55.740000,52.34027777777777,2.0249766573296313,7802.777777777777,3977.0598838503684
2023-09-02 14:03:56.251,11402,89.16666666666667,8,100,False,8,car,0.84,0 days 00:18:56.140000,88.00694444444444,0.857843137254946,7950.694444444445,4931.012624489609
2023-09-02 14:04:19.090,11053,85.83333333333333,8,100,False,8,car,23.679,0 days 00:19:18.979000,1611.853333333333,2.678571428571388,7367.36111111111,3459.521478945942
2023-09-02 14:04:19.290,11080,86.66666666666667,8,100,False,8,car,23.879,0 days 00:19:19.179000,1629.1866666666663,1.7466329966329681,7511.111111111112,4192.136858948483
2023-09-02 14:04:19.530,11160,86.38888888888889,8,100,False,8,car,24.119,0 days 00:19:19.419000,1649.9199999999998,1.7287664098253401,7463.04012345679,4265.97340267455
2023-09-02 14:04:19.731,11173,87.22222222222221,8,100,False,8,car,24.32,0 days 00:19:19.620000,1667.4516666666666,3.7708215616286225,7607.716049382715,2523.178239134868
2023-09-02 14:04:19.891,11191,87.77777777777777,8,100,False,8,car,24.48,0 days 00:19:19.780000,1681.496111111111,1.311728395061749,7704.938271604937,4537.496768048116
2023-09-02 14:04:20.091,11204,87.5,8,100,False,8,car,24.68,0 days 00:19:19.980000,1698.996111111111,0.0,7656.25,5650.648835047619
2023-09-02 14:04:20.291,11266,87.77777777777777,8,100,False,8,car,24.88,0 days 00:19:20.180000,1716.5516666666665,1.2836700336700062,7704.938271604937,4598.491163699466
2023-09-02 14:04:20.531,11278,88.05555555555556,8,100,False,8,car,25.12,0 days 00:19:20.420000,1737.6849999999997,0.9717270746682658,7753.780864197531,4845.550431116822
2023-09-02 14:04:20.971,11338,88.33333333333333,8,100,False,8,car,25.56,0 days 00:19:20.860000,1776.5516666666665,1.720637750049491,7802.777777777777,4236.15577085515
2023-09-02 14:04:21.211,11372,88.88888888888889,8,100,False,8,car,25.8,0 days 00:19:21.100000,1797.8849999999998,1.7071759259258954,7901.234567901234,4228.807002481506
2023-09-02 14:04:21.611,11414,89.16666666666667,8,100,False,8,car,26.2,0 days 00:19:21.500000,1833.5516666666667,0.6944444444444429,7950.694444444445,5072.57252120457
2023-09-02 14:04:22.011,11479,89.44444444444444,8,100,False,8,car,26.6,0 days 00:19:21.900000,1869.3294444444443,1.7071759259259522,8000.308641975308,4246.531612040466
2023-09-02 14:04:22.251,11478,90.0,8,100,False,8,car,26.84,0 days 00:19:22.140000,1890.9294444444445,1.9675925925925526,8100.0,3994.935645925959
2023-09-02 14:04:22.411,11500,90.27777777777777,8,100,False,8,car,27.0,0 days 00:19:22.300000,1905.3738888888888,1.2400793650793105,8150.077160493826,4592.208711599558
2023-09-02 14:04:22.811,11528,90.27777777777777,8,100,False,8,car,27.4,0 days 00:19:22.700000,1941.485,0.0,8150.077160493826,5635.161653169231
2023-09-02 14:05:01.651,11049,85.83333333333333,8,100,False,8,car,66.24,0 days 00:20:01.540000,4513.612499999998,1.6767568850901853,7367.36111111111,4288.971009452816
2023-09-02 14:05:01.811,11064,86.11111111111111,8,100,False,8,car,66.4,0 days 00:20:01.700000,4527.390277777777,2.6041666666666288,7415.123456790124,3508.583268731214
2023-09-02 14:05:01.971,11113,86.66666666666667,8,100,False,8,car,66.56,0 days 00:20:01.860000,4541.256944444443,2.89351851851859,7511.111111111112,3257.025196552647
2023-09-02 14:05:02.291,11163,87.22222222222221,8,100,False,8,car,66.88,0 days 00:20:02.180000,4569.168055555554,2.397486772486758,7607.716049382715,3657.986631320068
2023-09-02 14:05:02.571,11230,88.05555555555556,8,100,False,8,car,67.16,0 days 00:20:02.460000,4593.82361111111,2.0116843033509895,7753.780864197531,3958.330245253379
2023-09-02 14:05:02.931,11271,88.33333333333333,8,100,False,8,car,67.52,0 days 00:20:02.820000,4625.62361111111,1.064002599090287,7802.777777777777,4747.69080803808
2023-09-02 14:05:03.331,11388,88.88888888888889,8,100,False,8,car,67.92,0 days 00:20:03.220000,4661.179166666666,1.1554621848739544,7901.234567901234,4694.6727955546185
2023-09-02 14:05:03.611,11435,89.16666666666667,8,100,False,8,car,68.2,0 days 00:20:03.500000,4686.145833333333,1.7043142043142154,7950.694444444445,4244.773838456584
2023-09-02 14:05:03.851,11505,89.72222222222221,8,100,False,8,car,68.44,0 days 00:20:03.740000,4707.679166666666,1.8097643097643186,8050.077160493825,4156.637352926577
2023-09-02 14:05:04.051,11515,90.0,8,100,False,8,car,68.64,0 days 00:20:03.940000,4725.679166666666,0.6944444444444571,8100.0,5069.790914814805
2023-09-02 14:05:04.251,11532,90.0,8,100,False,8,car,68.84,0 days 00:20:04.140000,4743.679166666666,0.6944444444444002,8100.0,5078.126568888925
2023-09-02 14:05:04.451,11570,90.27777777777777,8,100,False,8,car,69.04,0 days 00:20:04.340000,4761.734722222221,0.6944444444444287,8150.077160493826,5079.303367111124
2023-09-02 14:05:04.651,11610,90.27777777777777,8,100,False,8,car,69.24,0 days 00:20:04.540000,4779.790277777776,1.929012345678757,8150.077160493826,4074.1649641635554
2023-09-02 14:05:04.811,11583,90.83333333333333,8,100,False,8,car,69.4,0 days 00:20:04.700000,4794.323611111111,1.929012345678757,8250.694444444443,4026.3364628114027
2023-09-02 14:05:05.011,11657,90.83333333333333,8,100,False,8,car,69.6,0 days 00:20:04.900000,4812.490277777777,0.5260942760942271,8250.694444444443,5226.710186071149
2023-09-02 14:05:05.251,11655,91.11111111111111,8,100,False,8,car,69.84,0 days 00:20:05.140000,4834.356944444445,0.5774955540091185,8301.234567901236,5165.812052367553
2023-09-02 14:05:05.490,11667,91.11111111111111,8,100,False,8,car,70.079,0 days 00:20:05.379000,4856.1325,1.0399262043997624,8301.234567901236,4787.806847665271
2023-09-02 14:05:05.650,11667,91.38888888888889,8,100,False,8,car,70.239,0 days 00:20:05.539000,4870.754722222223,1.0433984483234724,8351.929012345678,4767.748758772977
2023-09-02 14:05:05.891,11657,91.38888888888889,8,100,False,8,car,70.48,0 days 00:20:05.780000,4892.779444444445,2.842170943040401e-14,8351.929012345678,5628.940663586603
2023-09-02 14:05:06.131,11717,91.38888888888889,8,100,False,8,car,70.72,0 days 00:20:06.020000,4914.712777777778,1.0416666666667993,8351.929012345678,4793.3301740221805
2023-09-02 14:05:06.291,11728,91.66666666666667,8,100,False,8,car,70.88,0 days 00:20:06.180000,4929.379444444444,1.0416666666667709,8402.77777777778,4781.480573575671
2023-09-02 14:05:16.891,11088,86.11111111111111,8,100,False,8,car,81.48,0 days 00:20:16.780000,5698.235833333335,2.336860670193971,7415.123456790124,3742.746685287391
2023-09-02 14:05:17.091,11090,86.66666666666667,8,100,False,8,car,81.68,0 days 00:20:16.980000,5715.569166666667,2.033730158730137,7511.111111111112,3958.9381297924474
2023-09-02 14:05:17.371,11182,86.94444444444444,8,100,False,8,car,81.96,0 days 00:20:17.260000,5739.913611111112,0.9920634920635159,7559.336419753086,4852.176094941916
2023-11-18 08:59:15.478,11439,89.16666666666667,8,100,False,8,car,0.0,0 days 01:14:14.282000,13.6425,1.3888888888888573,7950.694444444445,4508.556510820379
2023-11-18 08:59:15.678,11463,89.44444444444444,8,100,False,8,car,0.2,0 days 01:14:14.482000,31.531388888888884,1.2836700336700062,8000.308641975308,4590.147452426565
2023-11-18 08:59:15.918,11461,89.72222222222221,8,100,False,8,car,0.44,0 days 01:14:14.722000,53.064722222222215,1.5120676429018545,8050.077160493825,4382.08415781561
2023-11-18 08:59:16.077,11504,90.0,8,100,False,8,car,0.599,0 days 01:14:14.881000,67.37472222222222,1.5884104265089718,8100.0,4322.405491182739
2023-11-18 08:59:16.277,11517,90.27777777777777,8,100,False,8,car,0.799,0 days 01:14:15.081000,85.43027777777777,1.188568376068332,8150.077160493826,4643.272838386362
2023-11-18 09:00:04.517,11008,85.55555555555556,8,100,False,8,car,49.039,0 days 01:15:03.321000,2899.963888888888,0.9157509157509196,7319.753086419753,4917.901746679983
2023-11-18 09:00:04.797,11105,86.11111111111111,8,100,False,8,car,49.319,0 days 01:15:03.601000,2924.0749999999994,0.7215007215007745,7415.123456790124,5092.207545670486
2023-11-18 09:00:04.957,11213,86.11111111111111,8,100,False,8,car,49.479,0 days 01:15:03.761000,2937.8527777777767,0.9259259259259238,7415.123456790124,4977.882103675032
2023-11-18 09:00:05.517,11125,86.38888888888889,8,100,False,8,car,50.039,0 days 01:15:04.321000,2986.252777777777,1.4393399810065972,7463.04012345679,4488.318330233978
2023-11-18 09:00:18.397,11018,85.83333333333333,8,100,False,8,car,62.919,0 days 01:15:17.201000,3784.860833333331,1.7361111111110858,7367.36111111111,4223.768812340906
2023-11-18 09:00:18.717,11091,86.38888888888889,8,100,False,8,car,63.239,0 days 01:15:17.521000,3812.5052777777755,1.8904320987653875,7463.04012345679,4096.543692944342
2023-11-18 09:00:19.117,11184,87.22222222222221,8,100,False,8,car,63.639,0 days 01:15:17.921000,3847.394166666664,1.620370370370381,7607.716049382715,4313.618158962012
2023-11-18 09:00:19.317,11198,87.5,8,100,False,8,car,63.839,0 days 01:15:18.121000,3864.8941666666638,1.8097643097643754,7656.25,4145.518405371759
2023-11-18 09:00:19.557,11254,88.05555555555556,8,100,False,8,car,64.079,0 days 01:15:18.361000,3886.0274999999974,1.0521885521885963,7753.780864197531,4766.739561746556
2023-11-18 09:00:19.757,11271,88.05555555555556,8,100,False,8,car,64.279,0 days 01:15:18.561000,3903.6386111111087,0.6808278867102118,7753.780864197531,5083.488636238726
2023-11-18 09:00:20.237,11361,89.16666666666667,8,100,False,8,car,64.759,0 days 01:15:19.041000,3946.438611111109,1.0536217261529401,7950.694444444445,4748.224874956611
2023-11-18 09:00:20.638,11459,89.16666666666667,8,100,False,8,car,65.16,0 days 01:15:19.442000,3982.194444444442,0.8131762949984136,7950.694444444445,4996.296266553186
2023-11-18 09:00:20.998,11478,89.72222222222221,8,100,False,8,car,65.52,0 days 01:15:19.802000,4014.494444444442,1.1574074074073906,8050.077160493825,4684.8136143286465
2023-11-18 09:00:21.358,11515,90.0,8,100,False,8,car,65.88,0 days 01:15:20.162000,4046.894444444442,0.23741690408360228,8100.0,5449.123773314314
2023-11-18 09:00:21.518,11538,90.0,8,100,False,8,car,66.04,0 days 01:15:20.322000,4061.2944444444415,0.23741690408358807,8100.0,5460.401422943955
2023-11-18 09:00:21.878,11557,90.27777777777777,8,100,False,8,car,66.4,0 days 01:15:20.682000,4093.7944444444415,1.4393399810066398,8150.077160493826,4454.685361364489
2023-11-18 09:00:22.038,11557,90.55555555555556,8,100,False,8,car,66.56,0 days 01:15:20.842000,4108.28333333333,0.34722222222225696,8200.308641975309,5343.813844880679
2023-11-18 09:00:22.238,11599,90.27777777777777,8,100,False,8,car,66.76,0 days 01:15:21.042000,4126.338888888886,0.016534391534406723,8150.077160493826,5656.144603457212
2023-11-18 09:00:22.518,11638,90.83333333333333,8,100,False,8,car,67.04,0 days 01:15:21.322000,4151.772222222219,0.7215007215007745,8250.694444444443,5055.291987943349
2023-11-18 09:00:22.678,11649,90.83333333333333,8,100,False,8,car,67.2,0 days 01:15:21.482000,4166.305555555552,1.2079226507921703e-13,8250.694444444443,5659.481762201734
2023-11-18 09:00:23.118,11673,90.83333333333333,8,100,False,8,car,67.64,0 days 01:15:21.922000,4206.27222222222,1.0095962119950457,8250.694444444443,4833.176925328516
2023-11-18 09:00:23.437,11656,91.38888888888889,8,100,False,8,car,67.959,0 days 01:15:22.241000,4235.425277777775,0.28575411757154257,8351.929012345678,5391.281865272763
2023-11-18 09:00:23.717,11689,91.11111111111111,8,100,False,8,car,68.239,0 days 01:15:22.521000,4260.936388888886,0.16534391534395354,8301.234567901236,5524.365911971835
2023-11-18 09:00:44.157,11056,86.38888888888889,8,100,False,8,car,88.679,0 days 01:15:42.961000,5738.865833333331,2.1701388888888573,7463.04012345679,3846.5080487817345
2023-11-18 09:00:44.477,11160,86.94444444444444,8,100,False,8,car,88.999,0 days 01:15:43.281000,5766.688055555554,1.5224358974359689,7559.336419753086,4400.800574457219
2023-11-18 09:00:44.677,11201,87.22222222222221,8,100,False,8,car,89.199,0 days 01:15:43.481000,5784.132499999998,1.2836700336700346,7607.716049382715,4601.680559187629
2023-11-18 09:00:44.917,11231,87.5,8,100,False,8,car,89.439,0 days 01:15:43.721000,5805.132499999998,1.4054232804233067,7656.25,4497.764748867703
2023-11-18 09:00:45.237,11292,88.05555555555556,8,100,False,8,car,89.759,0 days 01:15:44.041000,5833.310277777777,1.868386243386226,7753.780864197531,4108.339562847476
2023-11-18 09:00:45.517,11357,88.61111111111111,8,100,False,8,car,90.039,0 days 01:15:44.321000,5858.121388888887,1.4880952380952124,7851.929012345679,4420.8720192148285
2023-11-18 09:00:45.797,11402,88.88888888888889,8,100,False,8,car,90.319,0 days 01:15:44.601000,5883.010277777776,0.8956128747795447,7901.234567901234,4917.298187432978
2023-11-18 09:00:46.357,11434,88.88888888888889,8,100,False,8,car,90.879,0 days 01:15:45.161000,5932.888055555554,1.3888888888890847,7901.234567901234,4523.765871722059
2023-11-18 09:00:46.557,11454,89.72222222222221,8,100,False,8,car,91.079,0 days 01:15:45.361000,5950.832499999999,0.8873456790127534,8050.077160493825,4897.16043329248
2023-11-18 09:00:46.958,11512,89.72222222222221,8,100,False,8,car,91.48,0 days 01:15:45.762000,5986.7666666666655,0.6194421657822033,8050.077160493825,5148.047686982814
2023-11-18 09:00:47.678,11587,89.44444444444444,8,100,False,8,car,92.2,0 days 01:15:46.482000,6051.244444444443,0.757575757575637,8000.308641975308,5087.984590528991
2023-11-18 09:00:47.878,11501,89.72222222222221,8,100,False,8,car,92.4,0 days 01:15:46.682000,6069.188888888887,0.23148148148143832,8050.077160493825,5464.644697800747
2023-11-18 09:00:48.398,11490,89.72222222222221,8,100,False,8,car,92.92,0 days 01:15:47.202000,6115.777777777776,0.36075036075038724,8050.077160493825,5351.941170855817
2023-11-18 08:13:13.868,11405,88.88888888888889,8,100,False,8,car,0.0,0 days 00:28:12.672000,0.5333333333333333,1.3888888888889284,7901.234567901234,4509.368480972189
2023-11-18 08:13:14.068,11443,89.16666666666667,8,100,False,8,car,0.2,0 days 00:28:12.872000,18.366666666666667,1.1574074074074332,7950.694444444445,4702.665801010709
2023-11-18 08:13:14.468,11504,89.44444444444444,8,100,False,8,car,0.6,0 days 00:28:13.272000,54.144444444444446,1.1411630929174805,8000.308641975308,4728.656716853647
2023-11-18 08:13:14.828,11487,90.0,8,100,False,8,car,0.96,0 days 00:28:13.632000,86.54444444444445,1.1328563411896937,8100.0,4692.179727923665
2023-11-18 08:14:03.868,11045,85.83333333333333,8,100,False,8,car,50.0,0 days 00:29:02.672000,2873.3191666666685,0.6172839506172636,7367.36111111111,5166.277004482816
2023-11-18 08:14:04.028,11086,85.83333333333333,8,100,False,8,car,50.16,0 days 00:29:02.832000,2887.0525000000016,0.9259259259259522,7367.36111111111,4931.183705947479
2023-11-18 08:14:04.268,11187,86.38888888888889,8,100,False,8,car,50.4,0 days 00:29:03.072000,2907.785833333335,1.157407407407419,7463.04012345679,4753.993752559239
2023-11-18 08:14:04.508,11149,86.38888888888889,8,100,False,8,car,50.64,0 days 00:29:03.312000,2928.5191666666688,0.0,7463.04012345679,5695.230405916399
2023-11-18 08:14:04.669,11193,86.38888888888889,8,100,False,8,car,50.801,0 days 00:29:03.473000,2942.42777777778,0.46469474461994764,7463.04012345679,5332.010235534575
2023-11-18 08:14:04.909,11152,86.66666666666667,8,100,False,8,car,51.041,0 days 00:29:03.713000,2963.22777777778,2.842170943040401e-14,7511.111111111112,5678.504036923053
2023-11-18 08:14:05.349,11182,86.38888888888889,8,100,False,8,car,51.481,0 days 00:29:04.153000,3001.2388888888913,0.4133597883597986,7463.04012345679,5368.999132317316
2023-11-18 08:14:17.708,11011,85.27777777777777,8,100,False,8,car,63.84,0 days 00:29:16.512000,3741.5230555555563,1.5021427263297653,7272.299382716048,4451.2440301756105
2023-11-18 08:14:18.109,11094,86.11111111111111,8,100,False,8,car,64.241,0 days 00:29:16.913000,3776.0536111111123,2.9502562064245694,7415.123456790124,3236.703250086962
2023-11-18 08:14:18.349,11185,86.94444444444444,8,100,False,8,car,64.481,0 days 00:29:17.153000,3796.9202777777787,2.6923648247178136,7559.336419753086,3442.448683024151
2023-11-18 08:14:18.789,11253,87.5,8,100,False,8,car,64.921,0 days 00:29:17.593000,3835.4202777777796,1.4169472502805718,7656.25,4499.295379981411
2023-11-18 08:14:19.149,11298,88.05555555555556,8,100,False,8,car,65.281,0 days 00:29:17.953000,3867.1202777777794,2.3368606701941417,7753.780864197531,3722.512749354005
2023-11-18 08:14:19.349,11350,88.61111111111111,8,100,False,8,car,65.481,0 days 00:29:18.153000,3884.8425000000007,2.0337301587302363,7851.929012345679,3964.5089086927746
2023-11-18 08:14:19.629,11422,88.88888888888889,8,100,False,8,car,65.761,0 days 00:29:18.433000,3909.73138888889,1.2235449735449606,7901.234567901234,4655.043780457682
2023-11-18 08:14:19.829,11433,89.16666666666667,8,100,False,8,car,65.961,0 days 00:29:18.633000,3927.5647222222233,1.2836700336700346,7950.694444444445,4592.918669810881
2023-11-18 08:14:20.069,11507,89.44444444444444,8,100,False,8,car,66.201,0 days 00:29:18.873000,3949.0313888888895,1.5046296296295054,8000.308641975308,4428.459625792604
2023-11-18 08:14:20.229,11507,89.72222222222221,8,100,False,8,car,66.361,0 days 00:29:19.033000,3963.3869444444463,0.8680555555553724,8050.077160493825,4939.23932022031
2023-11-18 08:14:20.389,11545,89.72222222222221,8,100,False,8,car,66.521,0 days 00:29:19.193000,3977.7425000000017,1.7361111111111995,8050.077160493825,4237.443533814857
2023-11-18 08:14:20.549,11545,90.27777777777777,8,100,False,8,car,66.681,0 days 00:29:19.353000,3992.186944444446,2.57034632034636,8150.077160493826,3510.084213189445
2023-11-18 08:14:20.829,11624,90.55555555555556,8,100,False,8,car,66.961,0 days 00:29:19.633000,4017.542500000002,1.053951318315498,8200.308641975309,4789.8794310742105
2023-11-18 08:14:21.948,11730,91.38888888888889,8,100,False,8,car,68.08,0 days 00:29:20.752000,4119.54027777778,1.2442129629629903,8351.929012345678,4631.494197579625
2023-11-18 08:14:22.188,11776,91.66666666666667,8,100,False,8,car,68.32,0 days 00:29:20.992000,4141.540277777779,1.1574074074073906,8402.77777777778,4708.523796579138
2023-11-18 08:14:22.428,11825,91.94444444444444,8,100,False,8,car,68.56,0 days 00:29:21.232000,4163.6069444444465,0.5787037037036669,8453.78086419753,5195.238651001485
2023-11-18 08:14:23.108,11819,91.94444444444444,8,100,False,8,car,69.24,0 days 00:29:21.912000,4226.129166666668,0.6062610229276686,8453.78086419753,5169.486297918676
2023-11-18 08:14:43.948,11016,86.11111111111111,8,100,False,8,car,90.08,0 days 00:29:42.752000,5715.509444444447,2.894731629171474,7415.123456790124,3242.8154708844513
2023-11-18 08:14:44.189,11130,86.38888888888889,8,100,False,8,car,90.321,0 days 00:29:42.993000,5736.329166666669,2.0407379180348926,7463.04012345679,3991.71218655194
2023-11-18 08:14:44.389,11176,86.94444444444444,8,100,False,8,car,90.521,0 days 00:29:43.193000,5753.718055555558,1.2345679012345272,7559.336419753086,4647.852046959368
2023-11-18 08:14:44.549,11176,86.94444444444444,8,100,False,8,car,90.681,0 days 00:29:43.353000,5767.629166666668,0.8680555555554719,7559.336419753086,4952.057293872984
2023-11-18 08:14:44.869,11256,87.77777777777777,8,100,False,8,car,91.001,0 days 00:29:43.673000,5795.718055555558,0.8680555555554861,7704.938271604937,4938.423719775023
2023-11-18 08:14:45.029,11288,87.77777777777777,8,100,False,8,car,91.161,0 days 00:29:43.833000,5809.762500000002,0.9259259259258954,7704.938271604937,4906.479186797964
2023-11-18 08:14:45.269,11320,88.33333333333333,8,100,False,8,car,91.401,0 days 00:29:44.073000,5830.9625000000015,1.7361111111111427,7802.777777777777,4214.320366456997
2023-11-18 08:14:45.509,11359,88.61111111111111,8,100,False,8,car,91.641,0 days 00:29:44.313000,5852.229166666669,1.0030864197530889,7851.929012345679,4824.4253745516435
2023-11-18 08:14:45.869,11396,88.88888888888889,8,100,False,8,car,92.001,0 days 00:29:44.673000,5884.229166666669,0.8956128747795162,7901.234567901234,4914.319416933002
2023-11-18 08:14:46.149,11397,89.16666666666667,8,100,False,8,car,92.281,0 days 00:29:44.953000,5909.195833333336,0.4578754578754456,7950.694444444445,5260.511222673661
2023-11-18 08:14:46.909,11407,88.88888888888889,8,100,False,8,car,93.041,0 days 00:29:45.713000,5976.818055555557,0.7575757575757507,7901.234567901234,5034.351303462126
2023-11-18 08:14:47.109,11437,89.16666666666667,8,100,False,8,car,93.241,0 days 00:29:45.913000,5994.651388888891,0.560290404040444,7950.694444444445,5195.303422964188
2023-11-18 08:14:47.868,11341,88.61111111111111,8,100,False,8,car,94.0,0 days 00:29:46.672000,6061.907222222225,2.842170943040401e-14,7851.929012345679,5648.022777931011
2023-11-18 08:14:48.588,11210,88.05555555555556,8,100,False,8,car,94.72,0 days 00:29:47.392000,6125.396111111114,1.3888888888889086,7753.780864197531,4465.227236733246
