Date,RPM,Speed,nGear,Throttle,Brake,DRS,Source,Time,SessionTime,Acceleration,v^2 (m^2/s^4),F_dissipated (N)
2023-03-04 15:46:33.612,11020,88.61111111111111,8,100,False,12,car,4.6,0 days 01:01:32.615000,0.8695144724556201,7851.929012345679,5974.222667855043
2023-03-04 15:46:33.892,11066,88.88888888888889,8,100,False,12,car,4.88,0 days 01:01:32.895000,0.529100529100532,7901.234567901234,6255.171574074073
2023-03-04 15:46:34.652,11044,88.88888888888889,8,100,False,12,car,5.64,0 days 01:01:33.655000,0.5025584795321549,7901.234567901234,6263.255423976615
2023-03-04 15:46:34.972,11099,89.16666666666667,8,100,False,12,car,5.96,0 days 01:01:33.975000,0.3338675213675515,7950.694444444445,6411.382439691644
2023-03-04 15:15:45.687,11061,88.61111111111111,8,100,False,12,car,3.0,0 days 00:30:44.690000,1.3888888888888573,7851.929012345679,5580.95761058867
2023-03-04 15:15:45.887,11086,88.88888888888889,8,100,False,12,car,3.2,0 days 00:30:44.890000,1.3373175334235423,7901.234567901234,5616.631885594048
2023-03-04 15:15:46.926,11174,90.0,8,100,False,12,car,4.239,0 days 00:30:45.929000,0.14270616737707087,8100.0,6548.136350076274
2023-03-04 15:15:47.246,11226,90.0,8,100,False,12,car,4.559,0 days 00:30:46.249000,0.6172839506172352,8100.0,6197.108641975347
2023-03-04 15:15:47.446,11231,90.27777777777777,8,100,False,12,car,4.759,0 days 00:30:46.449000,0.8547008547008375,8150.077160493826,5988.363350427366
2023-03-04 15:15:48.607,11211,90.27777777777777,8,100,False,12,car,5.92,0 days 00:30:47.610000,0.5260942760942555,8150.077160493826,6241.002415436433
2023-03-04 15:15:48.807,11233,90.27777777777777,8,100,False,12,car,6.12,0 days 00:30:47.810000,1.4210854715202004e-14,8150.077160493826,6677.58646153845
2023-03-18 17:58:49.311,11049,88.61111111111111,8,100,False,12,car,1.64,0 days 01:13:49.207000,0.617283950617292,7851.929012345679,6194.831874298534
2023-03-18 17:58:49.511,11071,88.88888888888889,8,100,False,12,car,1.84,0 days 01:13:49.407000,1.5817901234568126,7901.234567901234,5410.775200617266
2023-03-18 17:58:49.671,11100,89.16666666666667,8,100,False,12,car,2.0,0 days 01:13:49.567000,1.465548340548395,7950.694444444445,5500.981249409943
2023-03-18 17:58:49.951,11130,89.44444444444444,8,100,False,12,car,2.28,0 days 01:13:49.847000,0.4133597883597986,8000.308641975308,6345.245370370362
2023-03-18 17:58:50.151,11162,89.44444444444444,8,100,False,12,car,2.48,0 days 01:13:50.047000,4.263256414560601e-14,8000.308641975308,6697.199999999966
2023-03-18 17:59:45.151,11024,88.33333333333333,8,100,False,12,car,57.48,0 days 01:14:45.047000,1.8097643097642901,7802.777777777777,5240.739730639747
2023-03-18 17:59:45.391,11099,88.88888888888889,8,100,False,12,car,57.72,0 days 01:14:45.287000,2.066798941798922,7901.234567901234,5037.248101851868
2023-03-18 17:59:45.711,11140,89.44444444444444,8,100,False,12,car,58.04,0 days 01:14:45.607000,1.3392857142856656,8000.308641975308,5605.87500000004
2023-03-18 17:59:45.991,11173,89.72222222222221,8,100,False,12,car,58.32,0 days 01:14:45.887000,0.7936507936507375,8050.077160493825,6044.156312349547
2023-03-18 17:59:59.711,11005,88.61111111111111,8,100,False,12,car,72.04,0 days 01:14:59.607000,1.8262987012987537,7851.929012345679,5194.926724137888
2023-03-18 17:59:59.871,11005,88.88888888888889,8,100,False,12,car,72.2,0 days 01:14:59.767000,1.6767568850902421,7901.234567901234,5294.479457502355
2023-03-18 18:00:00.231,11136,89.44444444444444,8,100,False,12,car,72.56,0 days 01:15:00.127000,0.5511463844796936,8000.308641975308,6237.927160493847
2023-03-18 18:00:00.431,11156,89.44444444444444,8,100,False,12,car,72.76,0 days 01:15:00.327000,0.5260942760942555,8000.308641975308,6270.094107744125
2023-03-18 18:00:00.671,11199,89.72222222222221,8,100,False,12,car,73.0,0 days 01:15:00.567000,1.0810948310948447,8050.077160493825,5828.315564993418
2023-03-18 18:00:00.951,11242,90.0,8,100,False,12,car,73.28,0 days 01:15:00.847000,1.2331900352733811,8100.0,5710.8449845678915
2023-03-18 18:00:01.311,11268,90.55555555555556,8,100,False,12,car,73.64,0 days 01:15:01.207000,0.47483380816709087,8200.308641975309,6295.6041831984985
2023-03-18 18:00:01.471,11306,90.55555555555556,8,100,False,12,car,73.8,0 days 01:15:01.367000,0.23741690408360228,8200.308641975309,6509.24503638448
2023-03-18 18:00:01.831,11327,90.83333333333333,8,100,False,12,car,74.16,0 days 01:15:01.727000,0.822667029774891,8250.694444444443,6030.035609838553
2023-03-18 18:00:02.151,11347,91.11111111111111,8,100,False,12,car,74.48,0 days 01:15:02.047000,1.033399470899468,8301.234567901236,5851.7731820234885
2023-03-18 17:59:05.471,11006,88.61111111111111,8,100,False,12,car,1.361,0 days 01:14:05.367000,1.2331900352733953,7851.929012345679,5672.984842921532
2023-03-18 17:59:05.831,11119,89.16666666666667,8,100,False,12,car,1.721,0 days 01:14:05.727000,1.4440035273368608,7950.694444444445,5529.76033806392
2023-03-18 17:59:06.031,11144,89.44444444444444,8,100,False,12,car,1.921,0 days 01:14:05.927000,1.522435897435841,8000.308641975308,5460.839102564149
2023-03-18 17:59:06.351,11202,90.0,8,100,False,12,car,2.241,0 days 01:14:06.247000,0.5787037037036953,8100.0,6213.854629629636
2023-03-18 17:59:06.671,11244,90.0,8,100,False,12,car,2.561,0 days 01:14:06.567000,0.9259259259259238,8100.0,5959.385185185187
2023-03-18 17:59:06.911,11277,90.55555555555556,8,100,False,12,car,2.801,0 days 01:14:06.807000,0.2946127946127888,8200.308641975309,6446.015841440999
2023-03-18 18:00:01.831,11010,88.33333333333333,8,100,False,12,car,57.721,0 days 01:15:01.727000,1.6453340595497536,7802.777777777777,5364.600421685091
2023-03-18 18:00:02.151,11085,88.88888888888889,8,100,False,12,car,58.041,0 days 01:15:02.047000,2.066798941798936,7901.234567901234,5028.795601851857
2023-03-18 18:00:02.391,11117,89.44444444444444,8,100,False,12,car,58.281,0 days 01:15:02.287000,1.6947751322751117,8000.308641975308,5305.906018518535
2023-03-18 18:00:02.711,11188,89.72222222222221,8,100,False,12,car,58.601,0 days 01:15:02.607000,0.822667029774891,8050.077160493825,6029.770378492513
2023-03-18 18:00:03.071,11226,90.0,8,100,False,12,car,58.961,0 days 01:15:02.967000,0.8226670297748626,8100.0,6031.7752632534575
2023-03-18 18:00:03.391,11255,90.27777777777777,8,100,False,12,car,59.281,0 days 01:15:03.287000,1.446759259259295,8150.077160493826,5526.023411680882
2023-03-18 18:00:03.551,11273,90.55555555555556,8,100,False,12,car,59.441,0 days 01:15:03.447000,0.3472222222221433,8200.308641975309,6401.294700068231
2023-03-18 18:00:16.631,11030,88.61111111111111,8,100,False,12,car,72.521,0 days 01:15:16.527000,1.7361111111111427,7851.929012345679,5282.668800069636
2023-03-18 18:00:16.791,11063,88.61111111111111,8,100,False,12,car,72.681,0 days 01:15:16.687000,0.5787037037036953,7851.929012345679,6234.367969929184
2023-03-18 18:00:17.111,11098,89.16666666666667,8,100,False,12,car,73.001,0 days 01:15:17.007000,1.2730216472226772,7950.694444444445,5654.7614992193885
2023-03-18 18:00:17.512,11144,89.44444444444444,8,100,False,12,car,73.402,0 days 01:15:17.408000,0.9661515751785714,8000.308641975308,5908.64798198125
2023-03-18 18:00:17.951,11266,90.0,8,100,False,12,car,73.841,0 days 01:15:17.847000,1.6104059473964298,8100.0,5421.497286419948
2023-03-18 18:00:18.111,11252,90.27777777777777,8,100,False,12,car,74.001,0 days 01:15:18.007000,0.8680555555553724,8150.077160493826,5990.096508547156
2023-03-18 18:00:18.271,11263,90.27777777777777,8,100,False,12,car,74.161,0 days 01:15:18.167000,0.47483380816720455,8150.077160493826,6313.179092117708
2023-03-18 18:00:18.631,11309,90.83333333333333,8,100,False,12,car,74.521,0 days 01:15:18.527000,0.7716049382716079,8250.694444444443,6060.505731113374
2023-03-18 18:00:18.991,11332,90.83333333333333,8,100,False,12,car,74.881,0 days 01:15:18.887000,0.8928571428571104,8250.694444444443,5976.486697247733
2023-03-18 18:00:19.191,11353,91.11111111111111,8,100,False,12,car,75.081,0 days 01:15:19.087000,0.7575757575757507,8301.234567901236,6077.3454175905445
2023-04-01 05:43:19.907,11052,88.88888888888889,8,100,False,12,car,1.44,0 days 00:57:52.857000,0.5529147686009992,7901.234567901234,6227.548611276196
2023-04-01 05:43:20.108,11080,88.88888888888889,8,100,False,12,car,1.641,0 days 00:57:53.058000,0.8291258291258146,7901.234567901234,6022.103707553721
2023-04-01 05:43:20.388,11120,89.44444444444444,8,100,False,12,car,1.921,0 days 00:57:53.338000,0.6531084656084829,8000.308641975308,6146.247685185171
2023-04-01 05:44:00.628,11019,88.33333333333333,8,100,False,12,car,42.161,0 days 00:58:33.578000,5.684341886080802e-14,7802.777777777777,6694.562264150898
2023-04-01 05:44:00.948,11043,88.33333333333333,8,100,False,12,car,42.481,0 days 00:58:33.898000,0.5787037037036526,7802.777777777777,6243.286914744975
2023-04-01 05:44:01.268,11050,88.88888888888889,8,100,False,12,car,42.801,0 days 00:58:34.218000,0.919117647058826,7901.234567901234,5931.547794117646
2023-04-01 05:44:01.628,11092,88.88888888888889,8,100,False,12,car,43.161,0 days 00:58:34.578000,0.558035714285694,7901.234567901234,6247.576250000017
2023-04-01 05:44:01.908,11105,89.16666666666667,8,100,False,12,car,43.441,0 days 00:58:34.858000,0.5291005291005604,7950.694444444445,6257.831083419842
2023-04-01 05:44:02.228,11108,89.16666666666667,8,100,False,12,car,43.761,0 days 00:58:35.178000,5.684341886080802e-14,7950.694444444445,6685.562616822384
2023-04-01 05:46:33.508,11030,88.33333333333333,8,100,False,12,car,0.56,0 days 01:01:06.458000,0.31782354436813165,7802.777777777777,6445.397329802522
2023-04-01 05:46:34.268,11201,89.72222222222221,8,100,False,12,car,1.32,0 days 01:01:07.218000,2.5798001949317495,8050.077160493825,4623.054031934432
2023-04-01 05:46:34.468,11238,90.27777777777777,8,100,False,12,car,1.52,0 days 01:01:07.418000,1.7857142857143344,8150.077160493826,5243.058769230731
2023-04-01 05:47:12.668,11045,88.33333333333333,8,100,False,12,car,39.72,0 days 01:01:45.618000,1.4822178039683536,7802.777777777777,5517.173158371513
2023-04-01 05:47:12.988,11106,88.88888888888889,8,100,False,12,car,40.04,0 days 01:01:45.938000,1.7361111111111995,7901.234567901234,5307.678055555485
2023-04-01 05:47:13.148,11151,89.16666666666667,8,100,False,12,car,40.2,0 days 01:01:46.098000,1.465548340548409,7950.694444444445,5531.676576512737
2023-04-01 05:47:13.428,11170,89.44444444444444,8,100,False,12,car,40.48,0 days 01:01:46.378000,1.0810948310947879,8000.308641975308,5831.718660968697
2023-04-01 05:47:13.668,11168,89.72222222222221,8,100,False,12,car,40.72,0 days 01:01:46.618000,1.0810948310948447,8050.077160493825,5809.773150132738
2023-04-01 05:47:13.948,11256,90.0,8,100,False,12,car,41.0,0 days 01:01:46.898000,1.3392857142857508,8100.0,5633.786111111082
2023-04-01 05:47:14.268,11274,90.55555555555556,8,100,False,12,car,41.32,0 days 01:01:47.218000,1.522435897435912,8200.308641975309,5455.840329557956
2023-04-01 05:47:14.468,11338,90.83333333333333,8,100,False,12,car,41.52,0 days 01:01:47.418000,1.2235449735449322,8250.694444444443,5713.827947672476
2023-04-01 05:47:14.748,11347,91.11111111111111,8,100,False,12,car,41.8,0 days 01:01:47.698000,0.5835667600373853,8301.234567901236,6213.888514267465
2023-04-01 05:47:15.628,11384,91.11111111111111,8,100,False,12,car,42.68,0 days 01:01:48.578000,2.842170943040401e-14,8301.234567901236,6705.453658536563
2023-04-28 14:05:13.561,11547,92.77777777777777,8,100,False,12,car,0.2,0 days 01:19:40.139000,0.19728535353534937,8607.716049382714,6520.467925134582
2023-04-28 14:05:14.001,11591,93.05555555555556,8,100,False,12,car,0.64,0 days 01:19:40.579000,0.197285353535392,8659.336419753086,6525.90529040401
2023-04-28 14:05:14.201,11629,93.05555555555556,8,100,False,12,car,0.84,0 days 01:19:40.779000,0.6944444444444287,8659.336419753086,6147.607446102831
2023-04-28 14:05:14.401,11633,93.33333333333333,8,100,False,12,car,1.04,0 days 01:19:40.979000,0.23148148148143832,8711.11111111111,6502.632407407442
2023-04-28 14:06:49.681,11018,88.33333333333333,8,100,False,10,car,96.32,0 days 01:21:16.259000,0.7440476190476062,7802.777777777777,6094.99638364781
2023-04-28 14:06:50.001,11111,88.88888888888889,8,100,False,14,car,96.64,0 days 01:21:16.579000,1.522435897435912,7901.234567901234,5482.705352564091
2023-04-28 14:06:50.201,11147,89.16666666666667,8,100,False,14,car,96.84,0 days 01:21:16.779000,1.3502702709125955,7950.694444444445,5622.067945934053
2023-04-28 14:06:50.640,11208,89.72222222222221,8,100,False,12,car,97.279,0 days 01:21:17.218000,1.6934258583017225,8050.077160493825,5340.772369825628
2023-04-28 14:06:51.040,11280,90.55555555555556,8,100,False,12,car,97.679,0 days 01:21:17.618000,1.3888888888888715,8200.308641975309,5566.901499659181
2023-04-28 14:06:51.440,11356,90.83333333333333,8,100,False,12,car,98.079,0 days 01:21:18.018000,2.0833333333332575,8250.694444444443,5032.333180428196
2023-04-28 14:06:51.640,11356,91.38888888888889,8,100,False,12,car,98.279,0 days 01:21:18.218000,1.620370370370324,8351.929012345678,5364.2316390859305
2023-04-28 14:06:51.920,11419,91.38888888888889,8,100,False,12,car,98.559,0 days 01:21:18.498000,0.28481577911965417,8351.929012345678,6476.348829723572
2023-04-28 14:06:52.321,11455,91.66666666666667,8,100,False,12,car,98.96,0 days 01:21:18.899000,0.6935796346282359,8402.77777777778,6148.050212306089
2023-04-28 14:06:52.721,11494,91.94444444444444,8,100,False,12,car,99.36,0 days 01:21:19.299000,0.3472222222222143,8453.78086419753,6429.370703256132
2023-04-28 14:06:53.121,11467,91.94444444444444,8,100,False,12,car,99.76,0 days 01:21:19.699000,0.9259259259259238,8453.78086419753,5947.754705158332
2023-04-28 14:06:53.321,11493,92.22222222222221,8,100,False,12,car,99.96,0 days 01:21:19.899000,1.1521464646465063,8504.938271604937,5760.617276682455
2023-04-28 14:06:53.761,11525,92.5,8,100,False,12,car,100.4,0 days 01:21:20.339000,0.22281639928701225,8556.25,6507.209375150533
2023-04-28 14:06:54.001,11543,92.5,8,100,False,12,car,100.64,0 days 01:21:20.579000,0.7575757575757507,8556.25,6087.171334971339
2023-04-28 14:06:54.201,11509,92.77777777777777,8,100,False,12,car,100.84,0 days 01:21:20.779000,0.39682539682536344,8607.716049382714,6337.857351962768
2023-04-28 14:06:54.481,11546,92.5,8,100,False,12,car,101.12,0 days 01:21:21.059000,0.39682539682553397,8556.25,6379.315915915806
2023-04-28 14:06:54.681,11547,92.77777777777777,8,100,False,12,car,101.32,0 days 01:21:21.259000,1.3888888888889142,8607.716049382714,5561.227079174963
2023-04-28 14:06:54.881,11597,93.05555555555556,8,100,False,12,car,101.52,0 days 01:21:21.459000,1.3888888888889086,8659.336419753086,5570.124742951892
2023-04-28 13:04:26.229,11005,88.05555555555556,8,100,False,14,car,99.76,0 days 00:18:52.807000,0.7440476190476488,7753.780864197531,6108.189931650869
2023-04-28 13:04:26.549,11086,88.61111111111111,8,100,False,12,car,100.08,0 days 00:18:53.127000,2.066798941798993,7851.929012345679,5050.381083826731
2023-04-28 13:04:26.789,11115,89.16666666666667,8,100,False,12,car,100.32,0 days 00:18:53.367000,1.3888888888889568,7950.694444444445,5571.7201453789685
2023-04-28 13:04:27.149,11163,89.16666666666667,8,100,False,12,car,100.68,0 days 00:18:53.727000,1.1160714285715017,7950.694444444445,5820.227920560688
2023-04-28 13:04:27.429,11209,89.72222222222221,8,100,False,12,car,100.96,0 days 00:18:54.007000,1.4880952380952692,8050.077160493825,5506.661661506683
2023-04-28 13:04:27.709,11202,90.0,8,100,False,12,car,101.24,0 days 00:18:54.287000,1.2235449735450175,8100.0,5694.757407407372
2023-04-28 13:04:27.909,11273,90.27777777777777,8,100,False,12,car,101.44,0 days 00:18:54.487000,1.2836700336700062,8150.077160493826,5668.010545972569
2023-04-28 13:04:28.149,11259,90.55555555555556,8,100,False,12,car,101.68,0 days 00:18:54.727000,0.6232193732193139,8200.308641975309,6170.8200610001695
2023-04-28 13:04:28.629,11313,90.55555555555556,8,100,False,12,car,102.16,0 days 00:18:55.207000,0.6944444444444287,8200.308641975309,6145.4863326516825
2023-04-28 13:04:28.829,11313,90.83333333333333,8,100,False,12,car,102.36,0 days 00:18:55.407000,1.2817306114085056,8250.694444444443,5652.217866990466
2023-04-28 13:04:29.070,11362,91.11111111111111,8,100,False,12,car,102.601,0 days 00:18:55.648000,0.5227233047822608,8301.234567901236,6271.702861601499
2023-04-28 13:04:29.470,11394,91.11111111111111,8,100,False,12,car,103.001,0 days 00:18:56.048000,1.3888888888890278,8301.234567901236,5593.288346883357
2023-04-28 13:04:29.670,11407,91.66666666666667,8,100,False,12,car,103.201,0 days 00:18:56.248000,1.6179540709813693,8402.77777777778,5375.826972859996
2023-04-28 13:04:29.949,11420,91.66666666666667,8,100,False,12,car,103.48,0 days 00:18:56.527000,0.2853460972018098,8402.77777777778,6456.187300843451
2023-04-28 13:04:30.349,11453,91.94444444444444,8,100,False,12,car,103.88,0 days 00:18:56.927000,0.2604166666666856,8453.78086419753,6475.31805765356
2023-04-28 13:04:30.589,11459,91.94444444444444,8,100,False,12,car,104.12,0 days 00:18:57.167000,0.7575757575758075,8453.78086419753,6078.607104275343
2023-04-28 13:04:30.789,11475,92.22222222222221,8,100,False,12,car,104.32,0 days 00:18:57.367000,0.6944444444444855,8504.938271604937,6118.592704149901
2023-05-06 20:39:23.125,11009,88.33333333333333,8,100,False,12,car,38.24,0 days 00:54:22.139000,1.283670033670063,7802.777777777777,5655.13241534843
2023-05-06 20:39:23.325,11047,88.61111111111111,8,100,False,12,car,38.44,0 days 00:54:22.339000,0.8928571428571814,7851.929012345679,5971.784169278966
2023-05-06 20:39:23.685,11056,88.61111111111111,8,100,False,12,car,38.8,0 days 00:54:22.699000,0.6944444444444287,7851.929012345679,6136.95717520029
2023-05-06 20:39:23.925,11103,88.88888888888889,8,100,False,12,car,39.04,0 days 00:54:22.939000,1.2836700336700346,7901.234567901234,5670.081872895623
2023-05-06 20:39:24.125,11108,89.16666666666667,8,100,False,12,car,39.24,0 days 00:54:23.139000,1.1885683760683605,7950.694444444445,5728.7650740874
2023-05-06 20:39:24.445,11150,89.44444444444444,8,100,False,12,car,39.56,0 days 00:54:23.459000,0.43402777777777146,8000.308641975308,6340.607638888893
2023-05-06 20:39:24.765,11164,89.44444444444444,8,100,False,12,car,39.88,0 days 00:54:23.779000,0.661375661375672,8000.308641975308,6165.992592592584
2023-05-06 20:39:25.005,11165,89.72222222222221,8,100,False,12,car,40.12,0 days 00:54:24.019000,0.46296296296299033,8050.077160493825,6305.5748767342975
2023-05-06 20:39:25.165,11201,89.72222222222221,8,100,False,12,car,40.28,0 days 00:54:24.179000,0.28935185185184764,8050.077160493825,6466.864948113753
2023-05-06 20:39:25.485,11202,90.0,8,100,False,12,car,40.6,0 days 00:54:24.499000,0.3338675213675515,8100.0,6410.947756410232
2023-05-06 20:39:25.685,11209,90.0,8,100,False,12,car,40.8,0 days 00:54:24.699000,0.4157074217908985,8100.0,6349.240710643512
2023-05-06 20:39:25.964,11233,90.27777777777777,8,100,False,12,car,41.079,0 days 00:54:24.978000,0.4157074217908985,8150.077160493826,6342.941986996789
2023-05-06 20:39:26.164,11239,90.27777777777777,8,100,False,12,car,41.279,0 days 00:54:25.178000,1.4210854715202004e-14,8150.077160493826,6681.153230769219
2023-05-06 20:39:27.084,11253,90.27777777777777,8,100,False,12,car,42.199,0 days 00:54:26.098000,0.7520974116567629,8150.077160493826,6084.037275923999
2023-05-06 20:39:27.285,11267,90.55555555555556,8,100,False,12,car,42.4,0 days 00:54:26.299000,0.8868314399482813,8200.308641975309,5963.35345157783
2023-05-06 20:39:55.485,11013,88.33333333333333,8,100,False,12,car,70.6,0 days 00:54:54.499000,1.5467171717171766,7802.777777777777,5445.809657899749
2023-05-06 20:39:55.885,11083,88.88888888888889,8,100,False,12,car,71.0,0 days 00:54:54.899000,1.4701104613385496,7901.234567901234,5507.922328622468
2023-05-06 20:39:56.245,11174,89.44444444444444,8,100,False,12,car,71.36,0 days 00:54:55.259000,2.8786799620133365,8000.308641975308,4387.062630579265
2023-05-06 20:39:56.405,11173,90.0,8,100,False,12,car,71.52,0 days 00:54:55.419000,1.929012345679098,8100.0,5109.563580246844
2023-05-06 20:39:56.605,11227,90.0,8,100,False,12,car,71.72,0 days 00:54:55.619000,0.5260942760942839,8100.0,6271.112626262619
2023-05-06 20:39:56.845,11281,90.27777777777777,8,100,False,12,car,71.96,0 days 00:54:55.859000,1.5046296296295623,8150.077160493826,5494.8937635328175
2023-05-06 20:39:57.005,11282,90.55555555555556,8,100,False,12,car,72.12,0 days 00:54:56.019000,1.5817901234567557,8200.308641975309,5412.801281905655
2023-05-06 20:39:57.205,11304,90.83333333333333,8,100,False,12,car,72.32,0 days 00:54:56.219000,1.1885683760684458,8250.694444444443,5721.896035246553
2023-05-06 20:39:57.525,11362,91.11111111111111,8,100,False,12,car,72.64,0 days 00:54:56.539000,1.1885683760684174,8301.234567901236,5735.697579216143
2023-05-06 20:39:57.725,11383,91.38888888888889,8,100,False,12,car,72.84,0 days 00:54:56.739000,1.3888888888888573,8351.929012345678,5566.429550827448
2023-05-06 20:39:57.925,11412,91.66666666666667,8,100,False,12,car,73.04,0 days 00:54:56.939000,1.2235449735450175,8402.77777777778,5696.253569023534
2023-05-06 20:39:58.205,11452,91.94444444444444,8,100,False,12,car,73.32,0 days 00:54:57.219000,1.2235449735449038,8453.78086419753,5699.41608481599
2023-05-06 20:39:58.405,11465,92.22222222222221,8,100,False,12,car,73.52,0 days 00:54:57.419000,0.854700854700809,8504.938271604937,5983.767016785126
2023-05-06 20:39:58.725,11494,92.22222222222221,8,100,False,12,car,73.84,0 days 00:54:57.739000,0.8547008547009227,8504.938271604937,6000.642920399492
2023-05-06 20:39:58.925,11501,92.5,8,100,False,12,car,74.04,0 days 00:54:57.939000,0.6172839506173204,8556.25,6175.73867200531
2023-05-06 20:39:59.365,11524,92.5,8,100,False,12,car,74.48,0 days 00:54:58.379000,0.4928243021520018,8556.25,6289.272833164034
2023-05-06 20:39:53.084,11000,88.33333333333333,8,100,False,12,car,38.359,0 days 00:54:52.098000,0.4770739148506209,7802.777777777777,6298.974366469778
2023-05-06 20:39:53.404,11028,88.33333333333333,8,100,False,12,car,38.679,0 days 00:54:52.418000,0.3586514347401959,7802.777777777777,6411.315783713389
2023-05-06 20:39:53.685,11030,88.61111111111111,8,100,False,12,car,38.96,0 days 00:54:52.699000,0.8671836941116169,7851.929012345679,5982.155370754254
2023-05-06 20:39:54.085,11086,88.88888888888889,8,100,False,12,car,39.36,0 days 00:54:53.099000,1.1574074074073906,7901.234567901234,5761.45953703705
2023-05-06 20:39:54.285,11091,89.16666666666667,8,100,False,12,car,39.56,0 days 00:54:53.299000,0.7575757575757507,7950.694444444445,6065.482356273015
2023-05-06 20:39:54.525,11141,89.16666666666667,8,100,False,12,car,39.8,0 days 00:54:53.539000,1.041666666666572,7950.694444444445,5866.88263239883
2023-05-06 20:39:54.685,11146,89.44444444444444,8,100,False,12,car,39.96,0 days 00:54:53.699000,1.4467592592591672,8000.308641975308,5522.95879629637
2023-05-06 20:39:55.005,11176,89.72222222222221,8,100,False,12,car,40.28,0 days 00:54:54.019000,0.5208333333333144,8050.077160493825,6265.568795149654
2023-05-06 20:39:55.485,11187,89.72222222222221,8,100,False,12,car,40.76,0 days 00:54:54.499000,0.7575757575757649,8050.077160493825,6081.57071019795
2023-05-06 20:39:55.885,11224,90.27777777777777,8,100,False,12,car,41.16,0 days 00:54:54.899000,1.064002599090344,8150.077160493826,5815.71421542458
2023-05-06 20:39:56.605,11261,90.55555555555556,8,100,False,12,car,41.88,0 days 00:54:55.619000,0.7575757575757223,8200.308641975309,6063.848447666881
2023-05-06 20:39:57.525,11273,90.55555555555556,8,100,False,12,car,42.8,0 days 00:54:56.539000,0.8547008547008659,8200.308641975309,5992.774400922859
2023-05-06 20:40:25.165,11025,88.61111111111111,8,100,False,12,car,70.44,0 days 00:55:24.179000,1.1837121212121247,7851.929012345679,5724.321773772202
2023-05-06 20:40:25.365,11044,88.61111111111111,8,100,False,12,car,70.64,0 days 00:55:24.379000,0.4629629629629761,7851.929012345679,6316.0320561941135
2023-05-06 20:40:25.765,11112,89.16666666666667,8,100,False,12,car,71.04,0 days 00:55:24.779000,1.6369047619047592,7950.694444444445,5370.261760124612
2023-05-06 20:40:25.925,11151,89.44444444444444,8,100,False,12,car,71.2,0 days 00:55:24.939000,1.5046296296295907,8000.308641975308,5479.37314814818
2023-05-06 20:40:26.165,11178,89.72222222222221,8,100,False,12,car,71.44,0 days 00:55:25.179000,0.4629629629630472,8050.077160493825,6313.3507281274415
2023-05-06 20:40:26.325,11218,89.72222222222221,8,100,False,12,car,71.6,0 days 00:55:25.339000,1.7361111111109722,8050.077160493825,5312.392165462788
2023-05-06 20:40:26.485,11223,90.27777777777777,8,100,False,12,car,71.76,0 days 00:55:25.499000,2.6412630579295353,8150.077160493826,4545.4250845205715
2023-05-06 20:40:26.845,11273,90.55555555555556,8,100,False,12,car,72.12,0 days 00:55:25.859000,1.2822258533043396,8200.308641975309,5648.616777047062
2023-05-06 20:40:27.165,11325,91.11111111111111,8,100,False,12,car,72.44,0 days 00:55:26.179000,1.3392857142857224,8301.234567901236,5592.576219512189
2023-05-06 20:40:27.445,11363,91.38888888888889,8,100,False,12,car,72.72,0 days 00:55:26.459000,0.4578754578754456,8351.929012345678,6304.15068194218
2023-05-06 20:40:27.685,11384,91.38888888888889,8,100,False,12,car,72.96,0 days 00:55:26.699000,2.842170943040401e-14,8351.929012345678,6685.0723404255095
2023-05-06 20:40:27.885,11405,91.38888888888889,8,100,False,12,car,73.16,0 days 00:55:26.899000,0.3945707070707698,8351.929012345678,6379.774836127179
2023-05-06 20:40:28.325,11463,91.94444444444444,8,100,False,12,car,73.6,0 days 00:55:27.339000,0.39457070707072717,8453.78086419753,6373.160913134349
2023-05-06 20:40:28.525,11462,91.94444444444444,8,100,False,12,car,73.8,0 days 00:55:27.539000,0.6944444444444002,8453.78086419753,6131.178868747938
2023-05-06 20:40:28.725,11482,92.22222222222221,8,100,False,12,car,74.0,0 days 00:55:27.739000,0.6944444444444002,8504.938271604937,6122.666198125873
2023-05-06 20:40:28.925,11482,92.22222222222221,8,100,False,12,car,74.2,0 days 00:55:27.939000,0.5260942760942839,8504.938271604937,6258.188083647717
2023-05-06 20:40:29.165,11516,92.5,8,100,False,12,car,74.44,0 days 00:55:28.179000,1.0333994708995107,8556.25,5849.4683808808495
2023-05-06 20:40:29.485,11521,92.77777777777777,8,100,False,12,car,74.76,0 days 00:55:28.499000,0.4050925925925526,8607.716049382714,6338.143576735451
2023-06-03 14:47:30.874,11046,88.61111111111111,8,100,False,12,car,3.2,0 days 01:02:30.865000,1.2769807566819793,7851.929012345679,5661.959017516775
2023-06-03 14:47:31.193,11094,89.16666666666667,8,100,False,12,car,3.519,0 days 01:02:31.184000,1.5247904599110598,7950.694444444445,5449.680128369728
2023-06-03 14:47:31.393,11119,89.44444444444444,8,100,False,12,car,3.719,0 days 01:02:31.384000,0.7575757575757223,8000.308641975308,6061.551515151543
2023-06-03 14:47:31.633,11148,89.44444444444444,8,100,False,12,car,3.959,0 days 01:02:31.624000,1.0416666666666288,8000.308641975308,5850.258333333364
2023-06-03 14:47:31.793,11171,89.72222222222221,8,100,False,12,car,4.119,0 days 01:02:31.784000,1.7361111111110858,8050.077160493825,5284.279471964245
2023-06-03 14:47:31.953,11185,90.0,8,100,False,12,car,4.279,0 days 01:02:31.944000,1.1047979797980219,8100.0,5780.2117003366675
2023-06-03 14:47:32.233,11213,90.0,8,100,False,12,car,4.559,0 days 01:02:32.224000,0.8101851851851904,8100.0,6034.0712962962925
2023-06-03 14:47:32.553,11227,90.55555555555556,8,100,False,12,car,4.879,0 days 01:02:32.544000,0.9191176470588118,8200.308641975309,5913.65753338146
2023-06-03 14:47:32.913,11284,90.55555555555556,8,100,False,12,car,5.239,0 days 01:02:32.904000,0.4595588235293917,8200.308641975309,6317.3827544208025
2023-06-03 14:47:33.233,11293,90.83333333333333,8,100,False,12,car,5.559,0 days 01:02:33.224000,1.1885683760683605,8250.694444444443,5715.396952677814
2023-06-03 14:47:33.433,11315,91.11111111111111,8,100,False,12,car,5.759,0 days 01:02:33.424000,0.9259259259259807,8301.234567901236,5919.440605239341
2023-06-03 15:08:13.917,11010,88.61111111111111,8,100,False,12,car,2.639,0 days 01:23:13.908000,0.8267195767195972,7851.929012345679,6002.616132590254
2023-06-03 15:08:14.117,11060,88.61111111111111,8,100,False,12,car,2.839,0 days 01:23:14.108000,0.8267195767195972,7851.929012345679,6032.898264251695
2023-06-03 15:08:14.397,11105,89.16666666666667,8,100,False,12,car,3.119,0 days 01:23:14.388000,0.8267195767195972,7950.694444444445,6018.247750086518
2023-06-03 15:08:14.597,11123,89.16666666666667,8,100,False,12,car,3.319,0 days 01:23:14.588000,0.5260942760942555,7950.694444444445,6271.084761949732
2023-06-03 15:08:14.837,11145,89.44444444444444,8,100,False,12,car,3.559,0 days 01:23:14.828000,1.0030864197530462,8000.308641975308,5879.515432098798
2023-06-03 15:08:15.197,11189,89.72222222222221,8,100,False,12,car,3.919,0 days 01:23:15.188000,0.9369488536155188,8050.077160493825,5938.371652715669
2023-06-03 15:08:15.677,11234,90.27777777777777,8,100,False,12,car,4.399,0 days 01:23:15.668000,0.9837962962963047,8150.077160493826,5886.2249045583985
2023-06-03 15:08:15.997,11269,90.55555555555556,8,100,False,12,car,4.719,0 days 01:23:15.988000,1.446759259259352,8200.308641975309,5513.796833106037
2023-06-03 15:08:16.157,11269,90.83333333333333,8,100,False,12,car,4.879,0 days 01:23:16.148000,0.9645061728395206,8250.694444444443,5881.587209763268
2023-06-03 15:08:16.357,11321,90.83333333333333,8,100,False,12,car,5.079,0 days 01:23:16.348000,0.6944444444444571,8250.694444444443,6129.709836901112
2023-06-03 15:08:16.557,11336,91.11111111111111,8,100,False,12,car,5.279,0 days 01:23:16.548000,1.1684303350969998,8301.234567901236,5736.594068051793
2023-06-03 15:08:16.917,11373,91.38888888888889,8,100,False,12,car,5.639,0 days 01:23:16.908000,0.36370805460379074,8351.929012345678,6385.8277820013955
2023-06-03 15:08:17.238,11384,91.38888888888889,8,100,False,12,car,5.96,0 days 01:23:17.229000,0.5298708501703686,8351.929012345678,6258.526306038386
2023-06-03 15:08:17.518,11398,91.66666666666667,8,100,False,12,car,6.24,0 days 01:23:17.509000,0.6062610229277112,8402.77777777778,6184.970785634101
2023-06-17 20:41:51.630,11031,88.33333333333333,8,100,False,12,car,66.442,0 days 00:56:50.942000,1.4423812839162906,7802.777777777777,5540.735896636066
2023-06-17 20:41:52.869,11001,88.33333333333333,8,100,False,12,car,67.681,0 days 00:56:52.181000,2.842170943040401e-14,7802.777777777777,6683.626415094317
2023-06-30 15:36:58.421,11000,88.05555555555556,8,100,False,12,car,14.96,0 days 00:51:37.936000,0.29086487944749706,7753.780864197531,6469.954718417003
2023-06-30 15:36:58.581,11000,88.05555555555556,8,100,False,12,car,15.12,0 days 00:51:38.096000,0.6172839506172352,7753.780864197531,6207.187366125364
2023-06-30 15:36:58.781,11007,88.33333333333333,8,100,False,12,car,15.32,0 days 00:51:38.296000,1.223544973544989,7802.777777777777,5702.317994409492
2023-06-30 15:36:59.061,11092,88.61111111111111,8,100,False,12,car,15.6,0 days 00:51:38.576000,0.4133597883597986,7851.929012345679,6385.033458144658
2023-06-30 15:36:59.261,11048,88.61111111111111,8,100,False,12,car,15.8,0 days 00:51:38.776000,0.2755731922398752,7851.929012345679,6469.303392159127
2023-06-30 15:36:59.621,11081,88.88888888888889,8,100,False,12,car,16.16,0 days 00:51:39.136000,0.3375771604937938,7901.234567901234,6418.404135802496
2023-06-30 16:05:14.746,11046,88.33333333333333,8,100,False,12,car,2.759,0 days 01:19:54.261000,0.7404075573399211,7802.777777777777,6114.937954077213
2023-06-30 16:05:15.067,11088,88.88888888888889,8,100,False,12,car,3.08,0 days 01:19:54.582000,1.2693449830506296,7901.234567901234,5672.557288644243
2023-06-30 16:05:26.746,11005,88.05555555555556,8,100,False,12,car,14.759,0 days 01:20:06.261000,1.2836700336700062,7753.780864197531,5673.793887879871
2023-06-30 16:05:26.946,11030,88.33333333333333,8,100,False,12,car,14.959,0 days 01:20:06.461000,1.3888888888888857,7802.777777777777,5583.189727463315
2023-06-30 16:05:27.146,11038,88.61111111111111,8,100,False,12,car,15.159,0 days 01:20:06.661000,1.223544973544989,7851.929012345679,5700.12968187622
2023-06-30 16:05:27.426,11062,88.88888888888889,8,100,False,12,car,15.439,0 days 01:20:06.941000,0.9920634920634939,7901.234567901234,5880.071388888889
2023-06-30 16:05:27.706,11114,89.16666666666667,8,100,False,12,car,15.719,0 days 01:20:07.221000,0.45890077080099445,7950.694444444445,6319.758711280901
2023-06-30 16:05:27.947,11122,89.16666666666667,8,100,False,12,car,15.96,0 days 01:20:07.462000,1.0433984483236145,7950.694444444445,5854.05303414622
2023-06-30 16:05:28.107,11122,89.44444444444444,8,100,False,12,car,16.12,0 days 01:20:07.622000,1.1574074074073621,8000.308641975308,5741.4870370370745
2023-07-08 15:14:45.807,11002,88.33333333333333,8,100,False,12,car,26.2,0 days 01:29:45.804000,2.447089947089978,7802.777777777777,4714.32655485672
2023-07-08 15:14:46.007,11025,88.88888888888889,8,100,False,12,car,26.4,0 days 01:29:46.004000,2.3771367521367637,7901.234567901234,4742.748664529905
2023-07-08 15:14:46.327,11132,89.44444444444444,8,100,False,12,car,26.72,0 days 01:29:46.324000,1.7361111111111143,8000.308641975308,5281.630555555554
2023-07-08 15:14:46.647,11098,90.0,8,100,False,12,car,27.04,0 days 01:29:46.644000,0.7440476190476204,8100.0,6018.737962962961
2023-07-08 15:15:27.847,11034,88.33333333333333,8,100,False,12,car,68.24,0 days 01:30:27.844000,1.4680865377646626,7802.777777777777,5521.86580879756
2023-07-08 15:15:28.126,11059,88.88888888888889,8,100,False,12,car,68.519,0 days 01:30:28.123000,1.6403918790724674,7901.234567901234,5356.355787346663
2023-07-08 15:15:28.326,11100,89.16666666666667,8,100,False,12,car,68.719,0 days 01:30:28.323000,0.6944444444445423,7950.694444444445,6121.719885773545
2023-07-08 15:15:28.526,11117,89.16666666666667,8,100,False,12,car,68.919,0 days 01:30:28.523000,0.6944444444444287,7950.694444444445,6131.951661474572
2023-07-08 15:15:28.726,11115,89.44444444444444,8,100,False,12,car,69.119,0 days 01:30:28.723000,0.7575757575757223,8000.308641975308,6059.151515151543
2023-07-08 15:15:28.966,11143,89.44444444444444,8,100,False,12,car,69.359,0 days 01:30:28.963000,0.372023809523796,8000.308641975308,6386.320833333343
2023-07-08 15:15:29.286,11159,89.72222222222221,8,100,False,12,car,69.679,0 days 01:30:29.283000,0.1753428927681,8050.077160493825,6533.520178752021
2023-09-02 14:17:42.053,11042,88.33333333333333,8,100,False,14,car,1.12,0 days 00:32:41.942000,1.4402788156648683,7802.777777777777,5549.111402446384
2023-09-02 14:17:42.334,11077,88.61111111111111,8,100,False,12,car,1.401,0 days 00:32:42.223000,1.7439291160968935,7851.929012345679,5304.840509817864
2023-09-02 14:17:42.654,11214,89.44444444444444,8,100,False,12,car,1.721,0 days 00:32:42.543000,3.182870370370324,8000.308641975308,4166.18935185189
2023-09-02 14:17:42.814,11239,90.0,8,100,False,12,car,1.881,0 days 00:32:42.703000,2.5462962962963047,8100.0,4652.005555555548
2023-09-02 14:17:43.014,11296,90.27777777777777,8,100,False,12,car,2.081,0 days 00:32:42.903000,2.0502645502645294,8150.077160493826,5064.574575498592
2023-09-02 14:17:43.294,11346,91.11111111111111,8,100,False,12,car,2.361,0 days 00:32:43.183000,1.9841269841269877,8301.234567901236,5085.848509485091
2023-09-02 14:17:43.574,11413,91.38888888888889,8,100,False,12,car,2.641,0 days 00:32:43.463000,1.7043142043142154,8351.929012345678,5330.129193186633
2023-09-02 14:17:43.814,11452,91.94444444444444,8,100,False,12,car,2.881,0 days 00:32:43.703000,1.7043142043142154,8453.78086419753,5312.396854046694
2023-09-02 14:17:44.094,11515,92.22222222222221,8,100,False,12,car,3.161,0 days 00:32:43.983000,1.4655483405483096,8504.938271604937,5521.1311762200585
2023-09-02 14:17:44.254,11528,92.5,8,100,False,12,car,3.321,0 days 00:32:44.143000,1.504629629629619,8556.25,5477.090265265273
2023-09-02 14:17:44.494,11617,92.77777777777777,8,100,False,12,car,3.561,0 days 00:32:44.383000,1.504629629629619,8607.716049382714,5508.546800842768
2023-09-02 14:17:44.654,11604,93.05555555555556,8,100,False,12,car,3.721,0 days 00:32:44.543000,0.8680555555555998,8659.336419753086,5993.432591210578
2023-09-02 14:17:44.814,11632,93.05555555555556,8,100,False,12,car,3.881,0 days 00:32:44.703000,0.6172839506172636,8659.336419753086,6211.45179288743
2023-09-02 14:17:45.014,11649,93.33333333333333,8,100,False,12,car,4.081,0 days 00:32:44.903000,1.2856366006593873,8711.11111111111,5663.237536469193
2023-09-02 14:17:45.253,11682,93.61111111111111,8,100,False,12,car,4.32,0 days 00:32:45.142000,1.0063833423838275,8763.04012345679,5887.07921353532
2023-09-02 14:17:45.613,11766,93.88888888888889,8,100,False,12,car,4.68,0 days 00:32:45.502000,2.6412630579296774,8815.123456790123,4599.2009898459
2023-09-02 14:17:45.773,11775,94.44444444444444,8,100,False,12,car,4.84,0 days 00:32:45.662000,2.314814814814767,8919.753086419752,4827.544662309407
2023-09-02 14:17:46.093,11758,94.44444444444444,8,100,False,12,car,5.16,0 days 00:32:45.982000,0.43402777777777146,8919.753086419752,6331.918227124189
2023-09-02 14:17:46.413,11812,94.72222222222221,8,100,False,12,car,5.48,0 days 00:32:46.302000,1.1885683760684174,8972.299382716048,5735.514480725335
2023-09-02 14:17:46.613,11844,95.0,8,100,False,12,car,5.68,0 days 00:32:46.502000,1.188568376068389,9025.0,5734.023509896526
2023-09-02 14:17:46.933,11892,95.27777777777777,8,100,False,12,car,6.0,0 days 00:32:46.822000,0.9341931216931414,9077.854938271605,5946.325557445185
2023-09-02 14:17:47.213,11900,95.55555555555556,8,100,False,12,car,6.28,0 days 00:32:47.102000,0.49603174603177536,9130.864197530864,6284.066537467676
2023-09-02 14:17:47.493,11912,95.55555555555556,8,100,False,12,car,6.56,0 days 00:32:47.382000,0.810185185185162,9130.864197530864,6037.912553832922
2023-09-02 14:17:47.693,11905,95.83333333333333,8,100,False,12,car,6.76,0 days 00:32:47.582000,1.3888888888888857,9184.027777777777,5548.744444444447
2023-09-02 14:17:47.893,11949,96.11111111111111,8,100,False,12,car,6.96,0 days 00:32:47.782000,0.9259259259259238,9237.345679012345,5926.730207664314
2023-09-02 14:17:48.293,11985,96.11111111111111,8,100,False,12,car,7.36,0 days 00:32:48.182000,0.3006253006252848,9237.345679012345,6450.198945135374
2023-09-02 14:17:48.733,11992,96.38888888888889,8,100,False,12,car,7.8,0 days 00:32:48.622000,0.19796246395304706,9290.817901234568,6517.454049370823
2023-09-02 14:18:32.094,11069,86.94444444444444,8,100,False,12,car,51.161,0 days 00:33:31.983000,2.7830035211795376,7559.336419753086,4592.048938613412
2023-09-02 14:18:32.493,11081,88.33333333333333,8,100,False,12,car,51.56,0 days 00:33:32.382000,3.129791172410208,7802.777777777777,4212.748294889028
2023-09-02 14:18:32.893,11170,89.44444444444444,8,100,False,12,car,51.96,0 days 00:33:32.782000,2.6813271604938507,8000.308641975308,4543.531635802451
2023-09-02 14:18:33.213,11320,90.27777777777777,8,100,False,12,car,52.28,0 days 00:33:33.102000,2.273478835978807,8150.077160493826,4899.154152421677
2023-09-02 14:18:33.493,11357,90.83333333333333,8,100,False,12,car,52.56,0 days 00:33:33.382000,2.024976657329617,8250.694444444443,5079.9011302992
2023-09-02 14:18:33.893,11446,91.66666666666667,8,100,False,12,car,52.96,0 days 00:33:33.782000,2.5462962962963047,8402.77777777778,4651.344208754201
2023-09-02 14:18:34.093,11461,92.22222222222221,8,100,False,12,car,53.16,0 days 00:33:33.982000,1.234567901234584,8504.938271604937,5675.646333482064
2023-09-02 14:18:34.253,11521,92.22222222222221,8,100,False,12,car,53.32,0 days 00:33:34.142000,0.36075036075037303,8504.938271604937,6413.985116222456
2023-09-02 14:18:34.533,11669,92.5,8,100,False,12,car,53.6,0 days 00:33:34.422000,1.2309465469240024,8556.25,5779.210552248701
2023-09-02 14:18:34.894,11592,93.05555555555556,8,100,False,12,car,53.961,0 days 00:33:34.783000,0.5486399489984706,8659.336419753086,6243.641557474141
2023-09-02 14:18:35.094,11625,93.05555555555556,8,100,False,12,car,54.161,0 days 00:33:34.983000,0.9645061728394921,8659.336419753086,5927.900889073164
2023-09-02 14:18:35.254,11655,93.33333333333333,8,100,False,12,car,54.321,0 days 00:33:35.143000,1.7361111111111427,8711.11111111111,5304.05555555553
2023-09-02 14:18:35.414,11689,93.61111111111111,8,100,False,12,car,54.481,0 days 00:33:35.303000,0.3472222222221433,8763.04012345679,6421.716971645299
2023-09-02 14:18:35.934,11587,93.88888888888889,8,100,False,12,car,55.001,0 days 00:33:35.823000,0.4340277777777999,8815.123456790123,6273.7094140368
2023-09-02 14:17:44.254,11037,88.61111111111111,8,100,False,14,car,1.24,0 days 00:32:44.143000,1.5046296296297044,7851.929012345679,5473.250891094796
2023-09-02 14:17:44.494,11101,88.88888888888889,8,100,False,12,car,1.48,0 days 00:32:44.383000,1.504629629629676,7901.234567901234,5491.001898148112
2023-09-02 14:17:44.654,11127,89.16666666666667,8,100,False,12,car,1.64,0 days 00:32:44.543000,1.7361111111111427,7950.694444444445,5299.428686396652
2023-09-02 14:17:44.814,11190,89.44444444444444,8,100,False,12,car,1.8,0 days 00:32:44.703000,2.199074074074076,8000.308641975308,4943.745370370369
2023-09-02 14:17:45.014,11212,90.0,8,100,False,12,car,2.0,0 days 00:32:44.903000,2.571273201318718,8100.0,4615.799147012505
2023-09-02 14:17:45.253,11254,90.55555555555556,8,100,False,12,car,2.239,0 days 00:32:45.142000,1.7048976025524354,8200.308641975309,5297.105896202957
2023-09-02 14:17:45.613,11358,90.83333333333333,8,100,False,12,car,2.599,0 days 00:32:45.502000,2.641263057929791,8250.694444444443,4584.381403504133
2023-09-02 14:17:45.773,11360,91.38888888888889,8,100,False,12,car,2.759,0 days 00:32:45.662000,2.6041666666666856,8351.929012345678,4574.624556737574
2023-09-02 14:17:46.093,11400,91.66666666666667,8,100,False,12,car,3.079,0 days 00:32:45.982000,1.3020833333333428,8402.77777777778,5626.004734848477
2023-09-02 14:17:46.413,11446,92.22222222222221,8,100,False,12,car,3.399,0 days 00:32:46.302000,0.6677350427350461,8504.938271604937,6123.217868911541
2023-09-02 14:17:46.613,11535,92.22222222222221,8,100,False,12,car,3.599,0 days 00:32:46.502000,0.6677350427350603,8504.938271604937,6175.00943517659
2023-09-02 14:17:46.933,11561,92.77777777777777,8,100,False,12,car,3.919,0 days 00:32:46.822000,1.3392857142857224,8607.716049382714,5609.255838323348
2023-09-02 14:17:47.213,11612,93.05555555555556,8,100,False,12,car,4.199,0 days 00:32:47.102000,1.4880952380952976,8659.336419753086,5498.914378109404
2023-09-02 14:17:47.493,11644,93.61111111111111,8,100,False,12,car,4.479,0 days 00:32:47.382000,1.636904761904816,8763.04012345679,5357.724307616178
2023-09-02 14:17:47.693,11646,93.88888888888889,8,100,False,12,car,4.679,0 days 00:32:47.582000,0.6944444444443718,8815.123456790123,6097.79825772524
2023-09-02 14:17:47.893,11714,93.88888888888889,8,100,False,12,car,4.879,0 days 00:32:47.782000,0.23148148148150938,8815.123456790123,6509.352081963599
2023-09-02 14:17:48.293,11728,94.16666666666667,8,100,False,12,car,5.279,0 days 00:32:48.182000,0.9650072150072191,8867.361111111111,5907.091315812995
2023-09-02 14:17:48.733,11795,94.72222222222221,8,100,False,12,car,5.719,0 days 00:32:48.622000,1.3445532544654952,8972.299382716048,5600.314982061436
2023-09-02 14:17:48.934,11795,95.0,8,100,False,12,car,5.92,0 days 00:32:48.823000,0.6125114654490176,9025.0,6170.068621190734
2023-09-02 14:17:49.094,11843,95.0,8,100,False,12,car,6.08,0 days 00:32:48.983000,0.8680555555554861,9025.0,5991.471418128712
2023-09-02 14:17:49.254,11859,95.27777777777777,8,100,False,12,car,6.24,0 days 00:32:49.143000,1.465548340548338,9077.854938271605,5499.996851164711
2023-09-02 14:17:49.534,11913,95.55555555555556,8,100,False,12,car,6.52,0 days 00:32:49.423000,0.8397730437204132,9130.864197530864,6014.655955619021
2023-09-02 14:17:50.014,11923,95.83333333333333,8,100,False,12,car,7.0,0 days 00:32:49.903000,0.1702069716776009,9184.027777777777,6539.863387799533
2023-09-02 14:17:50.214,11943,95.83333333333333,8,100,False,12,car,7.2,0 days 00:32:50.103000,0.3338675213675373,9184.027777777777,6419.316645299133
2023-09-02 14:17:50.534,11966,96.11111111111111,8,100,False,12,car,7.52,0 days 00:32:50.423000,0.8680555555555429,9237.345679012345,5982.808341361602
2023-09-02 14:18:34.533,11009,88.33333333333333,8,100,False,12,car,51.519,0 days 00:33:34.422000,2.907085021034405,7802.777777777777,4348.283350520134
2023-09-02 14:18:34.894,11110,88.88888888888889,8,100,False,12,car,51.88,0 days 00:33:34.783000,2.336122618834054,7901.234567901234,4827.083791838588
2023-09-02 14:18:35.094,11185,89.44444444444444,8,100,False,12,car,52.08,0 days 00:33:34.983000,3.1635802469135683,8000.308641975308,4164.317901234579
2023-09-02 14:18:35.254,11246,90.0,8,100,False,12,car,52.24,0 days 00:33:35.143000,2.6041666666666288,8100.0,4609.593981481513
2023-09-02 14:18:35.414,11297,90.27777777777777,8,100,False,12,car,52.4,0 days 00:33:35.303000,1.5817901234567842,8150.077160493826,5442.290950617289
2023-09-02 14:18:35.614,11333,90.55555555555556,8,100,False,12,car,52.6,0 days 00:33:35.503000,1.8563034188033782,8200.308641975309,5222.042619028924
2023-09-02 14:18:35.934,11421,91.38888888888889,8,100,False,12,car,52.92,0 days 00:33:35.823000,2.1701388888888857,8351.929012345678,4959.838194444447
2023-09-02 14:18:36.254,11491,91.94444444444444,8,100,False,12,car,53.24,0 days 00:33:36.143000,1.8683862433861975,8453.78086419753,5203.0826088173135
2023-09-02 14:18:36.534,11543,92.5,8,100,False,12,car,53.52,0 days 00:33:36.423000,1.4663394597604764,8556.25,5516.616554712635
2023-09-02 14:18:37.014,11605,92.77777777777777,8,100,False,12,car,54.0,0 days 00:33:36.903000,2.7488425925926094,8607.716049382714,4500.014048292291
2023-09-02 14:18:37.174,11624,93.33333333333333,8,100,False,12,car,54.16,0 days 00:33:37.063000,1.9290123456791264,8711.11111111111,5130.945061728305
2023-09-02 14:18:37.374,11630,93.33333333333333,8,100,False,12,car,54.36,0 days 00:33:37.263000,0.197285353535392,8711.11111111111,6528.435290404011
2023-09-02 14:18:37.814,11723,93.61111111111111,8,100,False,12,car,54.8,0 days 00:33:37.703000,0.19728535353533516,8763.04012345679,6561.9081390687425
2023-09-02 14:18:38.014,11714,93.61111111111111,8,100,False,12,car,55.0,0 days 00:33:37.903000,0.5260942760942555,8763.04012345679,6292.057312491899
2023-09-02 14:18:38.254,11606,93.88888888888889,8,100,False,12,car,55.24,0 days 00:33:38.143000,0.07716049382712242,8815.123456790123,6571.847932646681
2023-09-23 06:52:51.274,11012,88.33333333333333,8,100,False,12,car,3.041,0 days 01:07:17.455000,2.57034632034636,7802.777777777777,4621.180646083444
2023-09-23 06:52:51.554,11060,88.61111111111111,8,100,False,12,car,3.321,0 days 01:07:17.735000,1.7043142043142154,7851.929012345679,5326.434589038026
2023-09-23 06:52:51.794,11060,89.16666666666667,8,100,False,12,car,3.561,0 days 01:07:17.975000,2.0061728395061493,7950.694444444445,5041.70376139381
2023-09-23 06:52:52.154,11192,89.72222222222221,8,100,False,12,car,3.921,0 days 01:07:18.335000,2.0061728395061778,8050.077160493825,5079.440771318271
2023-09-23 06:52:52.394,11233,90.27777777777777,8,100,False,12,car,4.161,0 days 01:07:18.575000,0.9259259259259238,8150.077160493826,5932.216091168093
2023-09-23 06:52:52.554,11283,90.27777777777777,8,100,False,12,car,4.321,0 days 01:07:18.735000,0.46296296296299033,8150.077160493826,6334.624353276332
2023-09-23 06:52:52.794,11285,90.55555555555556,8,100,False,12,car,4.561,0 days 01:07:18.975000,1.2442129629629903,8200.308641975309,5686.328810213565
2023-09-23 06:52:53.194,11368,91.11111111111111,8,100,False,12,car,4.961,0 days 01:07:19.375000,1.3888888888888573,8301.234567901236,5577.973712737152
2023-09-23 06:52:53.394,11384,91.38888888888889,8,100,False,12,car,5.161,0 days 01:07:19.575000,1.224684457281512,8351.929012345678,5699.201352313915
2023-09-23 06:52:53.673,11409,91.66666666666667,8,100,False,12,car,5.44,0 days 01:07:19.854000,0.4604019769660965,8402.77777777778,6308.827317633201
2023-09-23 06:52:53.913,11436,91.66666666666667,8,100,False,12,car,5.68,0 days 01:07:20.094000,0.6172839506172636,8402.77777777778,6198.344601571284
2023-09-23 06:52:54.273,11463,92.22222222222221,8,100,False,12,car,6.04,0 days 01:07:20.454000,0.617283950617292,8504.938271604937,6173.723769150671
2023-09-23 06:52:54.513,11467,92.22222222222221,8,100,False,12,car,6.28,0 days 01:07:20.694000,0.25936199542746863,8504.938271604937,6464.178653921852
2023-09-23 06:53:31.834,11042,88.33333333333333,8,100,False,12,car,3.16,0 days 01:07:58.015000,1.9675925925925526,7802.777777777777,5124.6238120195985
2023-09-23 06:53:32.074,11058,88.88888888888889,8,100,False,12,car,3.4,0 days 01:07:58.255000,0.9259259259259238,7901.234567901234,5930.897129629631
2023-09-23 06:53:32.234,11072,88.88888888888889,8,100,False,12,car,3.56,0 days 01:07:58.415000,0.595238095238031,7901.234567901234,6205.553333333384
2023-09-23 06:53:32.634,11160,89.72222222222221,8,100,False,12,car,3.96,0 days 01:07:58.815000,0.5952380952381304,8050.077160493825,6196.102683178507
2023-09-23 06:53:32.794,11160,89.72222222222221,8,100,False,12,car,4.12,0 days 01:07:58.975000,0.4629629629629619,8050.077160493825,6302.584164660017
2023-09-23 06:53:33.034,11229,90.0,8,100,False,12,car,4.36,0 days 01:07:59.215000,1.3117283950617775,8100.0,5639.86975308638
2023-09-23 06:53:33.394,11259,90.55555555555556,8,100,False,12,car,4.72,0 days 01:07:59.575000,1.3787056797508654,8200.308641975309,5562.653584242271
2023-09-23 06:53:33.873,11332,91.11111111111111,8,100,False,12,car,5.199,0 days 01:08:00.054000,0.42786645310019367,8301.234567901236,6330.3918954982455
2023-09-23 06:53:34.153,11371,91.11111111111111,8,100,False,12,car,5.479,0 days 01:08:00.334000,0.49338546303170006,8301.234567901236,6300.621043722896
2023-09-23 06:53:34.434,11401,91.38888888888889,8,100,False,12,car,5.76,0 days 01:08:00.615000,0.8671836941116169,8351.929012345678,5996.972445389085
2023-09-23 06:53:34.834,11434,91.66666666666667,8,100,False,12,car,6.16,0 days 01:08:01.015000,0.7908950617284063,8402.77777777778,6057.416748035905
2023-09-23 06:53:35.154,11471,91.94444444444444,8,100,False,12,car,6.48,0 days 01:08:01.335000,0.4595588235294059,8453.78086419753,6325.5149657899465
2023-10-20 22:00:08.974,11006,88.33333333333333,8,100,False,12,car,54.361,0 days 01:15:08.953000,0.2755731922398468,7802.777777777777,6464.82773119032
2023-10-20 22:00:09.174,11017,88.33333333333333,8,100,False,12,car,54.561,0 days 01:15:09.153000,0.4133597883597986,7802.777777777777,6360.592540181684
2023-10-20 22:00:09.454,11032,88.61111111111111,8,100,False,12,car,54.841,0 days 01:15:09.433000,0.8956128747795589,7851.929012345679,5960.48116558302
2023-10-20 22:00:09.814,11084,88.88888888888889,8,100,False,12,car,55.201,0 days 01:15:09.793000,1.0640025990903155,7901.234567901234,5835.442907732297
2023-10-20 22:00:10.214,11130,89.44444444444444,8,100,False,12,car,55.601,0 days 01:15:10.193000,0.5208333333333428,8000.308641975308,6258.729166666659
2023-10-20 22:00:10.454,11132,89.44444444444444,8,100,False,12,car,55.841,0 days 01:15:10.433000,0.260416666666643,8000.308641975308,6469.564583333353
2023-10-20 22:00:10.854,11173,89.72222222222221,8,100,False,12,car,56.241,0 days 01:15:10.833000,0.3081053932931468,8050.077160493825,6435.020359637407
2023-10-20 22:00:11.173,11197,89.72222222222221,8,100,False,12,car,56.56,0 days 01:15:11.152000,0.8536715906658401,8050.077160493825,6010.194988709045
2023-10-20 22:00:11.373,11208,90.0,8,100,False,12,car,56.76,0 days 01:15:11.352000,0.6172839506173773,8100.0,6186.3753086419
2023-10-20 22:00:20.654,11014,88.33333333333333,8,100,False,12,car,54.401,0 days 01:15:20.633000,1.158610533610556,7802.777777777777,5758.843048745389
2023-10-20 22:00:20.814,11048,88.61111111111111,8,100,False,12,car,54.561,0 days 01:15:20.793000,1.201923076923208,7851.929012345679,5723.591734989043
2023-10-20 22:00:21.174,11065,88.61111111111111,8,100,False,12,car,54.921,0 days 01:15:21.153000,0.4595588235293917,7851.929012345679,6331.490883735956
2023-10-20 22:00:21.494,11072,88.88888888888889,8,100,False,12,car,55.241,0 days 01:15:21.473000,0.8680555555555429,7901.234567901234,5985.935277777788
2023-10-20 22:00:21.814,11089,89.16666666666667,8,100,False,12,car,55.561,0 days 01:15:21.793000,0.822667029774891,7950.694444444445,6011.88014383495
2023-10-20 22:00:22.174,11084,89.44444444444444,8,100,False,12,car,55.921,0 days 01:15:22.153000,0.33757716049382225,8000.308641975308,6378.6503858024735
2023-10-20 22:00:22.694,11169,89.44444444444444,8,100,False,12,car,56.441,0 days 01:15:22.673000,2.842170943040401e-14,8000.308641975308,6701.399999999978
2023-10-28 21:09:31.369,11069,88.88888888888889,8,100,False,12,car,4.919,0 days 00:24:30.156000,1.7195767195767644,7901.234567901234,5298.649490740705
2023-10-28 21:09:31.569,11121,89.16666666666667,8,100,False,12,car,5.119,0 days 00:24:30.356000,1.6369047619047024,7950.694444444445,5375.678582554565
2023-10-28 21:09:31.849,11196,89.72222222222221,8,100,False,12,car,5.399,0 days 00:24:30.636000,1.633604245544575,8050.077160493825,5381.751059116803
2023-10-28 21:09:32.050,11251,90.0,8,100,False,12,car,5.6,0 days 00:24:30.837000,1.3854425572332332,8100.0,5593.648371056876
2023-10-28 21:09:32.250,11259,90.27777777777777,8,100,False,12,car,5.8,0 days 00:24:31.037000,1.8097643097642901,8150.077160493826,5236.182192178208
2023-10-28 21:09:32.490,11308,90.83333333333333,8,100,False,12,car,6.04,0 days 00:24:31.277000,1.8097643097643186,8250.694444444443,5224.196611373669
2023-10-28 21:09:32.690,11342,91.11111111111111,8,100,False,12,car,6.24,0 days 00:24:31.477000,1.283670033670063,8301.234567901236,5647.360257041941
2023-10-28 21:09:32.930,11395,91.38888888888889,8,100,False,12,car,6.48,0 days 00:24:31.717000,1.1574074074073906,8351.929012345678,5759.818951930669
2023-10-28 21:09:33.170,11437,91.66666666666667,8,100,False,12,car,6.72,0 days 00:24:31.957000,1.2836700336700346,8402.77777777778,5662.489259259258
2023-10-28 21:09:33.370,11448,91.94444444444444,8,100,False,12,car,6.92,0 days 00:24:32.157000,0.810185185185162,8453.78086419753,6029.835971243165
2023-10-28 21:09:33.650,11466,91.94444444444444,8,100,False,12,car,7.2,0 days 00:24:32.437000,0.810185185185162,8453.78086419753,6040.342315654041
2023-10-28 21:09:33.850,11518,92.22222222222221,8,100,False,12,car,7.4,0 days 00:24:32.637000,0.6944444444444002,8504.938271604937,6143.6155957162355
2023-10-28 21:09:34.050,11517,92.22222222222221,8,100,False,12,car,7.6,0 days 00:24:32.837000,0.5260942760943408,8504.938271604937,6278.555553527189
2023-10-28 21:09:34.290,11512,92.5,8,100,False,12,car,7.84,0 days 00:24:33.077000,1.0810948310948731,8556.25,5808.752895202861
2023-10-28 21:09:34.570,11565,92.77777777777777,8,100,False,12,car,8.12,0 days 00:24:33.357000,0.5291005291005035,8607.716049382714,6263.768684852538
2023-10-28 21:09:34.890,11561,92.77777777777777,8,100,False,12,car,8.44,0 days 00:24:33.677000,1.1574074074074474,8607.716049382714,5755.667875360359
2023-10-28 21:09:35.050,11583,93.05555555555556,8,100,False,12,car,8.6,0 days 00:24:33.837000,1.1047979797979934,8659.336419753086,5790.743894919332
2023-10-28 21:09:35.330,11629,93.05555555555556,8,100,False,12,car,8.88,0 days 00:24:34.117000,0.810185185185162,8659.336419753086,6054.436149806541
2023-10-28 21:09:35.530,11631,93.33333333333333,8,100,False,12,car,9.08,0 days 00:24:34.317000,0.9259259259259096,8711.11111111111,5942.454629629643
2023-10-28 21:09:35.930,11667,93.33333333333333,8,100,False,12,car,9.48,0 days 00:24:34.717000,0.7233796296296475,8711.11111111111,6126.204398148135
2023-10-28 21:09:36.170,11681,93.61111111111111,8,100,False,12,car,9.72,0 days 00:24:34.957000,1.0030864197531173,8763.04012345679,5889.159942484497
2023-10-28 21:09:36.530,11713,93.88888888888889,8,100,False,12,car,10.08,0 days 00:24:35.317000,0.8226670297748626,8815.123456790123,6032.8761179543135
2023-10-28 21:09:36.850,11731,94.16666666666667,8,100,False,12,car,10.4,0 days 00:24:35.637000,0.43334854807861234,8867.361111111111,6336.786277203796
2023-10-28 21:09:37.169,11753,94.16666666666667,8,100,False,12,car,10.719,0 days 00:24:35.956000,1.1561992577128422,8867.361111111111,5767.429509045586
2023-10-28 21:09:37.329,11731,94.44444444444444,8,100,False,12,car,10.879,0 days 00:24:36.116000,0.8680555555555429,8919.753086419752,5967.1835130719055
2023-10-28 21:09:37.489,11757,94.44444444444444,8,100,False,12,car,11.039,0 days 00:24:36.276000,5.684341886080802e-14,8919.753086419752,6680.742352941131
2023-10-28 21:09:37.849,11774,94.44444444444444,8,100,False,12,car,11.399,0 days 00:24:36.636000,0.8928571428571104,8919.753086419752,5971.652352941203
2023-10-28 21:38:49.416,11061,88.88888888888889,8,100,False,12,car,4.841,0 days 00:53:48.203000,2.798821548821536,7901.234567901234,4425.027403198665
2023-10-28 21:38:49.656,11123,89.16666666666667,8,100,False,12,car,5.081,0 days 00:53:48.443000,1.5429940631164811,7950.694444444445,5452.48043339684
2023-10-28 21:38:49.935,11197,89.72222222222221,8,100,False,12,car,5.36,0 days 00:53:48.722000,1.5429940631165096,8050.077160493825,5455.290398386256
2023-10-28 21:38:50.175,11278,90.0,8,100,False,12,car,5.6,0 days 00:53:48.962000,2.546296296296248,8100.0,4675.261111111149
2023-10-28 21:38:50.335,11296,90.55555555555556,8,100,False,12,car,5.76,0 days 00:53:49.122000,2.931096681096733,8200.308641975309,4334.90643552081
2023-10-28 21:38:50.615,11355,91.11111111111111,8,100,False,12,car,6.04,0 days 00:53:49.402000,0.915750915750948,8301.234567901236,5951.192464039999
2023-10-28 21:38:50.855,11392,91.11111111111111,8,100,False,12,car,6.28,0 days 00:53:49.642000,1.7361111111111143,8301.234567901236,5312.596409214088
2023-10-28 21:38:51.095,11448,91.94444444444444,8,100,False,12,car,6.52,0 days 00:53:49.882000,2.335858585858574,8453.78086419753,4801.668883701068
2023-10-28 21:38:51.295,11478,92.22222222222221,8,100,False,12,car,6.72,0 days 00:53:50.082000,1.2235449735449322,8504.938271604937,5694.412561356571
2023-10-28 21:38:51.575,11533,92.5,8,100,False,12,car,7.0,0 days 00:53:50.362000,0.41335978835985543,8556.25,6358.463388388335
2023-10-28 21:38:51.775,11545,92.5,8,100,False,12,car,7.2,0 days 00:53:50.562000,0.8267195767195972,8556.25,6032.670920920906
2023-10-28 21:38:52.135,11649,93.33333333333333,8,100,False,12,car,7.56,0 days 00:53:50.922000,0.7122507122506363,8711.11111111111,6124.813176638238
2023-10-28 21:38:52.295,11631,93.33333333333333,8,100,False,12,car,7.72,0 days 00:53:51.082000,2.842170943040401e-14,8711.11111111111,6687.824999999978
2023-10-28 21:38:52.575,11640,93.33333333333333,8,100,False,12,car,8.0,0 days 00:53:51.362000,0.49603174603174693,8711.11111111111,6293.694444444443
2023-10-28 21:38:52.855,11662,93.61111111111111,8,100,False,12,car,8.28,0 days 00:53:51.642000,0.934193121693113,8763.04012345679,5933.726465820426
2023-10-28 21:38:53.175,11686,93.88888888888889,8,100,False,12,car,8.6,0 days 00:53:51.962000,0.28935185185184764,8815.123456790123,6446.761700087665
2023-10-28 21:38:53.495,11716,93.88888888888889,8,100,False,12,car,8.92,0 days 00:53:52.282000,0.46296296296299033,8815.123456790123,6324.152684637278
2023-10-28 21:38:53.735,11756,94.16666666666667,8,100,False,12,car,9.16,0 days 00:53:52.522000,0.5260942760942271,8867.361111111111,6276.373753761845
2023-10-28 21:38:53.935,11740,94.16666666666667,8,100,False,12,car,9.36,0 days 00:53:52.722000,0.6944444444444287,8867.361111111111,6131.733284169137
2023-10-28 21:38:54.135,11760,94.44444444444444,8,100,False,12,car,9.56,0 days 00:53:52.922000,0.6172839506172778,8919.753086419752,6185.533478576621
2023-10-28 21:38:54.495,11757,94.16666666666667,8,100,False,12,car,9.92,0 days 00:53:53.282000,0.6172839506172636,8867.361111111111,6203.535977275226
2023-10-28 21:38:54.695,11785,94.44444444444444,8,100,False,12,car,10.12,0 days 00:53:53.482000,1.1572162678900355,8919.753086419752,5765.093845524992
2023-10-28 21:38:55.096,11777,94.72222222222221,8,100,False,12,car,10.521,0 days 00:53:53.883000,0.2305200208943461,8972.299382716048,6486.913494617003
2023-10-28 21:38:55.296,11777,94.72222222222221,8,100,False,12,car,10.721,0 days 00:53:54.083000,2.842170943040401e-14,8972.299382716048,6672.482111436929
2023-10-28 21:38:55.536,11782,94.72222222222221,8,100,False,12,car,10.961,0 days 00:53:54.323000,0.2604166666666714,8972.299382716048,6465.679539345059
2023-10-28 21:38:55.936,11803,95.0,8,100,False,12,car,11.361,0 days 00:53:54.723000,0.1984126984126533,9025.0,6507.937426900621
2023-09-02 14:17:42.053,11042,88.33333333333333,8,100,False,14,car,1.12,0 days 00:32:41.942000,1.4402788156648683,7802.777777777777,5549.111402446384
2023-09-02 14:17:42.334,11077,88.61111111111111,8,100,False,12,car,1.401,0 days 00:32:42.223000,1.7439291160968935,7851.929012345679,5304.840509817864
2023-09-02 14:17:42.654,11214,89.44444444444444,8,100,False,12,car,1.721,0 days 00:32:42.543000,3.182870370370324,8000.308641975308,4166.18935185189
2023-09-02 14:17:42.814,11239,90.0,8,100,False,12,car,1.881,0 days 00:32:42.703000,2.5462962962963047,8100.0,4652.005555555548
2023-09-02 14:17:43.014,11296,90.27777777777777,8,100,False,12,car,2.081,0 days 00:32:42.903000,2.0502645502645294,8150.077160493826,5064.574575498592
2023-09-02 14:17:43.294,11346,91.11111111111111,8,100,False,12,car,2.361,0 days 00:32:43.183000,1.9841269841269877,8301.234567901236,5085.848509485091
2023-09-02 14:17:43.574,11413,91.38888888888889,8,100,False,12,car,2.641,0 days 00:32:43.463000,1.7043142043142154,8351.929012345678,5330.129193186633
2023-09-02 14:17:43.814,11452,91.94444444444444,8,100,False,12,car,2.881,0 days 00:32:43.703000,1.7043142043142154,8453.78086419753,5312.396854046694
2023-09-02 14:17:44.094,11515,92.22222222222221,8,100,False,12,car,3.161,0 days 00:32:43.983000,1.4655483405483096,8504.938271604937,5521.1311762200585
2023-09-02 14:17:44.254,11528,92.5,8,100,False,12,car,3.321,0 days 00:32:44.143000,1.504629629629619,8556.25,5477.090265265273
2023-09-02 14:17:44.494,11617,92.77777777777777,8,100,False,12,car,3.561,0 days 00:32:44.383000,1.504629629629619,8607.716049382714,5508.546800842768
2023-09-02 14:17:44.654,11604,93.05555555555556,8,100,False,12,car,3.721,0 days 00:32:44.543000,0.8680555555555998,8659.336419753086,5993.432591210578
2023-09-02 14:17:44.814,11632,93.05555555555556,8,100,False,12,car,3.881,0 days 00:32:44.703000,0.6172839506172636,8659.336419753086,6211.45179288743
2023-09-02 14:17:45.014,11649,93.33333333333333,8,100,False,12,car,4.081,0 days 00:32:44.903000,1.2856366006593873,8711.11111111111,5663.237536469193
2023-09-02 14:17:45.253,11682,93.61111111111111,8,100,False,12,car,4.32,0 days 00:32:45.142000,1.0063833423838275,8763.04012345679,5887.07921353532
2023-09-02 14:17:45.613,11766,93.88888888888889,8,100,False,12,car,4.68,0 days 00:32:45.502000,2.6412630579296774,8815.123456790123,4599.2009898459
2023-09-02 14:17:45.773,11775,94.44444444444444,8,100,False,12,car,4.84,0 days 00:32:45.662000,2.314814814814767,8919.753086419752,4827.544662309407
2023-09-02 14:17:46.093,11758,94.44444444444444,8,100,False,12,car,5.16,0 days 00:32:45.982000,0.43402777777777146,8919.753086419752,6331.918227124189
2023-09-02 14:17:46.413,11812,94.72222222222221,8,100,False,12,car,5.48,0 days 00:32:46.302000,1.1885683760684174,8972.299382716048,5735.514480725335
2023-09-02 14:17:46.613,11844,95.0,8,100,False,12,car,5.68,0 days 00:32:46.502000,1.188568376068389,9025.0,5734.023509896526
2023-09-02 14:17:46.933,11892,95.27777777777777,8,100,False,12,car,6.0,0 days 00:32:46.822000,0.9341931216931414,9077.854938271605,5946.325557445185
2023-09-02 14:17:47.213,11900,95.55555555555556,8,100,False,12,car,6.28,0 days 00:32:47.102000,0.49603174603177536,9130.864197530864,6284.066537467676
2023-09-02 14:17:47.493,11912,95.55555555555556,8,100,False,12,car,6.56,0 days 00:32:47.382000,0.810185185185162,9130.864197530864,6037.912553832922
2023-09-02 14:17:47.693,11905,95.83333333333333,8,100,False,12,car,6.76,0 days 00:32:47.582000,1.3888888888888857,9184.027777777777,5548.744444444447
2023-09-02 14:17:47.893,11949,96.11111111111111,8,100,False,12,car,6.96,0 days 00:32:47.782000,0.9259259259259238,9237.345679012345,5926.730207664314
2023-09-02 14:17:48.293,11985,96.11111111111111,8,100,False,12,car,7.36,0 days 00:32:48.182000,0.3006253006252848,9237.345679012345,6450.198945135374
2023-09-02 14:17:48.733,11992,96.38888888888889,8,100,False,12,car,7.8,0 days 00:32:48.622000,0.19796246395304706,9290.817901234568,6517.454049370823
2023-09-02 14:18:32.094,11069,86.94444444444444,8,100,False,12,car,51.161,0 days 00:33:31.983000,2.7830035211795376,7559.336419753086,4592.048938613412
2023-09-02 14:18:32.493,11081,88.33333333333333,8,100,False,12,car,51.56,0 days 00:33:32.382000,3.129791172410208,7802.777777777777,4212.748294889028
2023-09-02 14:18:32.893,11170,89.44444444444444,8,100,False,12,car,51.96,0 days 00:33:32.782000,2.6813271604938507,8000.308641975308,4543.531635802451
2023-09-02 14:18:33.213,11320,90.27777777777777,8,100,False,12,car,52.28,0 days 00:33:33.102000,2.273478835978807,8150.077160493826,4899.154152421677
2023-09-02 14:18:33.493,11357,90.83333333333333,8,100,False,12,car,52.56,0 days 00:33:33.382000,2.024976657329617,8250.694444444443,5079.9011302992
2023-09-02 14:18:33.893,11446,91.66666666666667,8,100,False,12,car,52.96,0 days 00:33:33.782000,2.5462962962963047,8402.77777777778,4651.344208754201
2023-09-02 14:18:34.093,11461,92.22222222222221,8,100,False,12,car,53.16,0 days 00:33:33.982000,1.234567901234584,8504.938271604937,5675.646333482064
2023-09-02 14:18:34.253,11521,92.22222222222221,8,100,False,12,car,53.32,0 days 00:33:34.142000,0.36075036075037303,8504.938271604937,6413.985116222456
2023-09-02 14:18:34.533,11669,92.5,8,100,False,12,car,53.6,0 days 00:33:34.422000,1.2309465469240024,8556.25,5779.210552248701
2023-09-02 14:18:34.894,11592,93.05555555555556,8,100,False,12,car,53.961,0 days 00:33:34.783000,0.5486399489984706,8659.336419753086,6243.641557474141
2023-09-02 14:18:35.094,11625,93.05555555555556,8,100,False,12,car,54.161,0 days 00:33:34.983000,0.9645061728394921,8659.336419753086,5927.900889073164
2023-09-02 14:18:35.254,11655,93.33333333333333,8,100,False,12,car,54.321,0 days 00:33:35.143000,1.7361111111111427,8711.11111111111,5304.05555555553
2023-09-02 14:18:35.414,11689,93.61111111111111,8,100,False,12,car,54.481,0 days 00:33:35.303000,0.3472222222221433,8763.04012345679,6421.716971645299
2023-09-02 14:18:35.934,11587,93.88888888888889,8,100,False,12,car,55.001,0 days 00:33:35.823000,0.4340277777777999,8815.123456790123,6273.7094140368
2023-09-02 14:17:44.254,11037,88.61111111111111,8,100,False,14,car,1.24,0 days 00:32:44.143000,1.5046296296297044,7851.929012345679,5473.250891094796
2023-09-02 14:17:44.494,11101,88.88888888888889,8,100,False,12,car,1.48,0 days 00:32:44.383000,1.504629629629676,7901.234567901234,5491.001898148112
2023-09-02 14:17:44.654,11127,89.16666666666667,8,100,False,12,car,1.64,0 days 00:32:44.543000,1.7361111111111427,7950.694444444445,5299.428686396652
2023-09-02 14:17:44.814,11190,89.44444444444444,8,100,False,12,car,1.8,0 days 00:32:44.703000,2.199074074074076,8000.308641975308,4943.745370370369
2023-09-02 14:17:45.014,11212,90.0,8,100,False,12,car,2.0,0 days 00:32:44.903000,2.571273201318718,8100.0,4615.799147012505
2023-09-02 14:17:45.253,11254,90.55555555555556,8,100,False,12,car,2.239,0 days 00:32:45.142000,1.7048976025524354,8200.308641975309,5297.105896202957
2023-09-02 14:17:45.613,11358,90.83333333333333,8,100,False,12,car,2.599,0 days 00:32:45.502000,2.641263057929791,8250.694444444443,4584.381403504133
2023-09-02 14:17:45.773,11360,91.38888888888889,8,100,False,12,car,2.759,0 days 00:32:45.662000,2.6041666666666856,8351.929012345678,4574.624556737574
2023-09-02 14:17:46.093,11400,91.66666666666667,8,100,False,12,car,3.079,0 days 00:32:45.982000,1.3020833333333428,8402.77777777778,5626.004734848477
2023-09-02 14:17:46.413,11446,92.22222222222221,8,100,False,12,car,3.399,0 days 00:32:46.302000,0.6677350427350461,8504.938271604937,6123.217868911541
2023-09-02 14:17:46.613,11535,92.22222222222221,8,100,False,12,car,3.599,0 days 00:32:46.502000,0.6677350427350603,8504.938271604937,6175.00943517659
2023-09-02 14:17:46.933,11561,92.77777777777777,8,100,False,12,car,3.919,0 days 00:32:46.822000,1.3392857142857224,8607.716049382714,5609.255838323348
2023-09-02 14:17:47.213,11612,93.05555555555556,8,100,False,12,car,4.199,0 days 00:32:47.102000,1.4880952380952976,8659.336419753086,5498.914378109404
2023-09-02 14:17:47.493,11644,93.61111111111111,8,100,False,12,car,4.479,0 days 00:32:47.382000,1.636904761904816,8763.04012345679,5357.724307616178
2023-09-02 14:17:47.693,11646,93.88888888888889,8,100,False,12,car,4.679,0 days 00:32:47.582000,0.6944444444443718,8815.123456790123,6097.79825772524
2023-09-02 14:17:47.893,11714,93.88888888888889,8,100,False,12,car,4.879,0 days 00:32:47.782000,0.23148148148150938,8815.123456790123,6509.352081963599
2023-09-02 14:17:48.293,11728,94.16666666666667,8,100,False,12,car,5.279,0 days 00:32:48.182000,0.9650072150072191,8867.361111111111,5907.091315812995
2023-09-02 14:17:48.733,11795,94.72222222222221,8,100,False,12,car,5.719,0 days 00:32:48.622000,1.3445532544654952,8972.299382716048,5600.314982061436
2023-09-02 14:17:48.934,11795,95.0,8,100,False,12,car,5.92,0 days 00:32:48.823000,0.6125114654490176,9025.0,6170.068621190734
2023-09-02 14:17:49.094,11843,95.0,8,100,False,12,car,6.08,0 days 00:32:48.983000,0.8680555555554861,9025.0,5991.471418128712
2023-09-02 14:17:49.254,11859,95.27777777777777,8,100,False,12,car,6.24,0 days 00:32:49.143000,1.465548340548338,9077.854938271605,5499.996851164711
2023-09-02 14:17:49.534,11913,95.55555555555556,8,100,False,12,car,6.52,0 days 00:32:49.423000,0.8397730437204132,9130.864197530864,6014.655955619021
2023-09-02 14:17:50.014,11923,95.83333333333333,8,100,False,12,car,7.0,0 days 00:32:49.903000,0.1702069716776009,9184.027777777777,6539.863387799533
2023-09-02 14:17:50.214,11943,95.83333333333333,8,100,False,12,car,7.2,0 days 00:32:50.103000,0.3338675213675373,9184.027777777777,6419.316645299133
2023-09-02 14:17:50.534,11966,96.11111111111111,8,100,False,12,car,7.52,0 days 00:32:50.423000,0.8680555555555429,9237.345679012345,5982.808341361602
2023-09-02 14:18:34.533,11009,88.33333333333333,8,100,False,12,car,51.519,0 days 00:33:34.422000,2.907085021034405,7802.777777777777,4348.283350520134
2023-09-02 14:18:34.894,11110,88.88888888888889,8,100,False,12,car,51.88,0 days 00:33:34.783000,2.336122618834054,7901.234567901234,4827.083791838588
2023-09-02 14:18:35.094,11185,89.44444444444444,8,100,False,12,car,52.08,0 days 00:33:34.983000,3.1635802469135683,8000.308641975308,4164.317901234579
2023-09-02 14:18:35.254,11246,90.0,8,100,False,12,car,52.24,0 days 00:33:35.143000,2.6041666666666288,8100.0,4609.593981481513
2023-09-02 14:18:35.414,11297,90.27777777777777,8,100,False,12,car,52.4,0 days 00:33:35.303000,1.5817901234567842,8150.077160493826,5442.290950617289
2023-09-02 14:18:35.614,11333,90.55555555555556,8,100,False,12,car,52.6,0 days 00:33:35.503000,1.8563034188033782,8200.308641975309,5222.042619028924
2023-09-02 14:18:35.934,11421,91.38888888888889,8,100,False,12,car,52.92,0 days 00:33:35.823000,2.1701388888888857,8351.929012345678,4959.838194444447
2023-09-02 14:18:36.254,11491,91.94444444444444,8,100,False,12,car,53.24,0 days 00:33:36.143000,1.8683862433861975,8453.78086419753,5203.0826088173135
2023-09-02 14:18:36.534,11543,92.5,8,100,False,12,car,53.52,0 days 00:33:36.423000,1.4663394597604764,8556.25,5516.616554712635
2023-09-02 14:18:37.014,11605,92.77777777777777,8,100,False,12,car,54.0,0 days 00:33:36.903000,2.7488425925926094,8607.716049382714,4500.014048292291
2023-09-02 14:18:37.174,11624,93.33333333333333,8,100,False,12,car,54.16,0 days 00:33:37.063000,1.9290123456791264,8711.11111111111,5130.945061728305
2023-09-02 14:18:37.374,11630,93.33333333333333,8,100,False,12,car,54.36,0 days 00:33:37.263000,0.197285353535392,8711.11111111111,6528.435290404011
2023-09-02 14:18:37.814,11723,93.61111111111111,8,100,False,12,car,54.8,0 days 00:33:37.703000,0.19728535353533516,8763.04012345679,6561.9081390687425
2023-09-02 14:18:38.014,11714,93.61111111111111,8,100,False,12,car,55.0,0 days 00:33:37.903000,0.5260942760942555,8763.04012345679,6292.057312491899
2023-09-02 14:18:38.254,11606,93.88888888888889,8,100,False,12,car,55.24,0 days 00:33:38.143000,0.07716049382712242,8815.123456790123,6571.847932646681
2023-11-18 08:13:42.268,11070,88.61111111111111,8,100,False,12,car,17.36,0 days 00:28:41.072000,3.6995701058201007,7851.929012345679,3726.3100146580787
2023-11-18 08:13:42.548,11165,89.44444444444444,8,100,False,12,car,17.64,0 days 00:28:41.352000,1.996845746845736,8000.308641975308,5091.539173789181
2023-11-18 08:13:42.788,11206,89.72222222222221,8,100,False,12,car,17.88,0 days 00:28:41.592000,1.504629629629619,8050.077160493825,5491.55704907695
2023-11-18 08:13:42.948,11277,90.0,8,100,False,12,car,18.04,0 days 00:28:41.752000,1.9675925925926094,8100.0,5140.521296296283
2023-11-18 08:13:43.188,11326,90.55555555555556,8,100,False,12,car,18.28,0 days 00:28:41.992000,3.009259259259238,8200.308641975309,4289.764701204289
2023-11-18 08:13:43.348,11363,91.11111111111111,8,100,False,12,car,18.44,0 days 00:28:42.152000,2.546296296296333,8301.234567901236,4643.315627822914
2023-11-18 08:13:43.588,11443,91.38888888888889,8,100,False,12,car,18.68,0 days 00:28:42.392000,2.0412457912457853,8351.929012345678,5076.516286983314
2023-11-18 08:13:43.788,11456,91.94444444444444,8,100,False,12,car,18.88,0 days 00:28:42.592000,2.3771367521367637,8453.78086419753,4773.1094462519595
2023-11-18 08:13:44.108,11540,92.5,8,100,False,12,car,19.2,0 days 00:28:42.912000,1.522435897435912,8556.25,5469.7183818433705
2023-11-18 08:13:44.308,11596,92.77777777777777,8,100,False,12,car,19.4,0 days 00:28:43.112000,1.2235449735449322,8607.716049382714,5722.672643601719
2023-11-18 08:13:44.588,11628,93.05555555555556,8,100,False,12,car,19.68,0 days 00:28:43.392000,0.8948296858137041,8659.336419753086,5985.720610382654
2023-11-18 08:14:34.628,11569,92.77777777777777,8,100,False,12,car,69.72,0 days 00:29:33.432000,1.1600962961145882,8607.716049382714,5758.130864861289
2023-11-18 08:14:34.988,11660,93.05555555555556,8,100,False,12,car,70.08,0 days 00:29:33.792000,1.5432098765432158,8659.336419753086,5482.229482218532
2023-11-18 08:14:35.348,11707,93.88888888888889,8,100,False,12,car,70.44,0 days 00:29:34.152000,1.5472709551656862,8815.123456790123,5446.140372215883
2023-11-18 08:14:35.748,11747,94.16666666666667,8,100,False,12,car,70.84,0 days 00:29:34.552000,0.1984126984126533,8867.361111111111,6535.02822025569
2023-11-18 08:14:35.908,11790,94.16666666666667,8,100,False,12,car,71.0,0 days 00:29:34.712000,0.19841269841269593,8867.361111111111,6559.5344149459215
2023-11-18 08:14:36.308,11821,94.44444444444444,8,100,False,12,car,71.4,0 days 00:29:35.112000,1.1574074074073906,8919.753086419752,5785.396448801757
2023-11-18 08:14:36.508,11848,94.72222222222221,8,100,False,12,car,71.6,0 days 00:29:35.312000,1.2235449735450175,8972.299382716048,5727.754800695089
2023-11-18 08:14:36.788,11879,95.0,8,100,False,12,car,71.88,0 days 00:29:35.592000,1.0972823472823592,9025.0,5827.280692893842
2023-11-18 08:14:37.228,11893,95.55555555555556,8,100,False,12,car,72.32,0 days 00:29:36.032000,0.3945707070706135,9130.864197530864,6361.811278482575
2023-11-18 08:14:37.428,11946,95.55555555555556,8,100,False,12,car,72.52,0 days 00:29:36.232000,0.6892663311317335,9130.864197530864,6154.347580183141
2023-11-18 08:14:37.629,11956,95.83333333333333,8,100,False,12,car,72.721,0 days 00:29:36.433000,1.1465907905123203,9184.027777777777,5772.354413637584
2023-11-18 08:14:38.069,12006,96.11111111111111,8,100,False,12,car,73.161,0 days 00:29:36.873000,0.768374534821902,9237.345679012345,6085.386823167791
2023-11-18 08:14:38.389,12039,96.38888888888889,8,100,False,12,car,73.481,0 days 00:29:37.193000,1.0333994708994112,9290.817901234568,5871.095558490816
2023-11-18 08:14:38.629,12045,96.66666666666666,8,100,False,12,car,73.721,0 days 00:29:37.433000,0.6944444444444144,9344.444444444443,6128.023946360178
2023-11-18 08:14:38.989,12076,96.66666666666666,8,100,False,12,car,74.081,0 days 00:29:37.793000,0.45955882352944855,9344.444444444443,6334.317216024313
2023-11-18 08:14:39.309,12098,96.94444444444444,8,100,False,12,car,74.401,0 days 00:29:38.113000,0.8680555555555429,9398.225308641975,5998.446223336528
2023-11-18 08:14:39.629,12110,97.22222222222221,8,100,False,12,car,74.721,0 days 00:29:38.433000,0.28935185185184764,9452.16049382716,6451.791759259264
2023-11-18 08:14:39.789,12137,97.22222222222221,8,100,False,12,car,74.881,0 days 00:29:38.593000,0.2893518518518903,9452.16049382716,6466.695759259229
2023-11-18 08:14:40.109,12147,97.5,8,100,False,12,car,75.201,0 days 00:29:38.913000,0.768374534821902,9506.25,6067.499525109395
2023-11-18 08:14:40.549,12186,97.77777777777777,8,100,False,12,car,75.641,0 days 00:29:39.353000,0.19728535353533516,9560.493827160493,6529.6375631313285
2023-11-18 08:59:45.957,11043,88.33333333333333,8,100,False,12,car,16.559,0 days 01:14:44.761000,3.2986111111111427,7802.777777777777,4053.7614517819457
2023-11-18 08:59:46.277,11167,89.16666666666667,8,100,False,12,car,16.879,0 days 01:14:45.081000,1.8563034188034635,7950.694444444445,5226.748645059474
2023-11-18 08:59:46.477,11223,89.44444444444444,8,100,False,12,car,17.079,0 days 01:14:45.281000,2.0833333333333144,8000.308641975308,5056.716666666682
2023-11-18 08:59:46.677,11291,90.0,8,100,False,12,car,17.279,0 days 01:14:45.481000,2.5673400673400693,8100.0,4666.072727272726
2023-11-18 08:59:46.917,11305,90.55555555555556,8,100,False,12,car,17.519,0 days 01:14:45.721000,3.009259259259238,8200.308641975309,4277.319302431284
2023-11-18 08:59:47.077,11357,91.11111111111111,8,100,False,12,car,17.679,0 days 01:14:45.881000,2.5462962962962195,8301.234567901236,4639.781481481543
2023-11-18 08:59:47.277,11412,91.38888888888889,8,100,False,12,car,17.879,0 days 01:14:46.081000,1.2235449735449606,8351.929012345678,5716.561189913328
2023-11-18 08:59:47.557,11478,91.66666666666667,8,100,False,12,car,18.159,0 days 01:14:46.361000,1.9770723271874715,8402.77777777778,5128.304049341357
2023-11-18 08:59:47.838,11559,92.5,8,100,False,12,car,18.44,0 days 01:14:46.642000,1.990355573365548,8556.25,5104.066466143437
2023-11-18 08:59:48.078,11582,92.77777777777777,8,100,False,12,car,18.68,0 days 01:14:46.882000,1.504629629629619,8607.716049382714,5488.301291860733
2023-11-18 08:59:48.238,11618,93.05555555555556,8,100,False,12,car,18.84,0 days 01:14:47.042000,1.7361111111110858,8659.336419753086,5302.721898839157
2023-11-18 08:59:48.398,11601,93.33333333333333,8,100,False,12,car,19.0,0 days 01:14:47.202000,1.7361111111111427,8711.11111111111,5273.005555555531
2023-11-18 08:59:48.558,11678,93.61111111111111,8,100,False,12,car,19.16,0 days 01:14:47.362000,1.5817901234567557,8763.04012345679,5421.583579697429
2023-11-18 09:00:37.757,11497,92.22222222222221,8,100,False,14,car,68.359,0 days 01:15:36.561000,0.9645061728394921,8504.938271604937,5913.995422430474
2023-11-18 09:00:37.997,11569,92.5,8,100,False,12,car,68.599,0 days 01:15:36.801000,1.504629629629676,8556.25,5500.877652652614
2023-11-18 09:00:38.157,11593,92.77777777777777,8,100,False,12,car,68.759,0 days 01:15:36.961000,1.6767568850902705,8607.716049382714,5356.101725466406
2023-11-18 09:00:38.517,11636,93.33333333333333,8,100,False,12,car,69.119,0 days 01:15:37.321000,1.4701104613385212,8711.11111111111,5507.261078622491
2023-11-18 09:00:38.917,11693,93.88888888888889,8,100,False,12,car,69.519,0 days 01:15:37.721000,0.39682539682536344,8815.123456790123,6364.246679815937
2023-11-18 09:00:39.077,11743,93.88888888888889,8,100,False,12,car,69.679,0 days 01:15:37.881000,0.2893518518518903,8815.123456790123,6479.342765176389
2023-11-18 09:00:39.397,11767,94.16666666666667,8,100,False,12,car,69.999,0 days 01:15:38.201000,1.0341905901116633,8867.361111111111,5873.625247526482
2023-11-18 09:00:39.837,11807,94.72222222222221,8,100,False,12,car,70.439,0 days 01:15:38.641000,0.4456327985740245,8972.299382716048,6330.744776033542
2023-11-18 09:00:40.077,11827,94.72222222222221,8,100,False,12,car,70.679,0 days 01:15:38.881000,2.842170943040401e-14,8972.299382716048,6700.810557184728
2023-11-18 09:00:40.518,11840,94.72222222222221,8,100,False,12,car,71.12,0 days 01:15:39.322000,0.5511463844797362,8972.299382716048,6264.503113572992
2023-11-18 09:00:40.878,11889,95.27777777777777,8,100,False,12,car,71.48,0 days 01:15:39.682000,1.4440035273368608,9077.854938271605,5534.238384983623
2023-11-18 09:00:41.078,11942,95.55555555555556,8,100,False,12,car,71.68,0 days 01:15:39.882000,1.1684303350969998,9130.864197530864,5766.374045363194
2023-11-18 09:00:41.438,11956,95.83333333333333,8,100,False,12,car,72.04,0 days 01:15:40.242000,1.0030864197530889,9184.027777777777,5887.875432098765
2023-11-18 09:00:41.678,11967,96.11111111111111,8,100,False,12,car,72.28,0 days 01:15:40.482000,0.5260942760943408,9237.345679012345,6258.645552830761
2023-11-18 09:00:42.038,12009,96.11111111111111,8,100,False,12,car,72.64,0 days 01:15:40.842000,0.8680555555555429,9237.345679012345,6006.818745985881
2023-11-18 09:00:42.198,12005,96.38888888888889,8,100,False,12,car,72.8,0 days 01:15:41.002000,1.1574074074074332,9290.817901234568,5752.338910235864
2023-11-18 09:00:42.518,12034,96.38888888888889,8,100,False,12,car,73.12,0 days 01:15:41.322000,0.8547008547008659,9290.817901234568,6012.164082859175
2023-11-18 09:00:42.718,12048,96.66666666666666,8,100,False,12,car,73.32,0 days 01:15:41.522000,1.1885683760684316,9344.444444444443,5731.919698644224
2023-11-18 09:00:43.038,12085,96.94444444444444,8,100,False,12,car,73.64,0 days 01:15:41.842000,0.28935185185184764,9398.225308641975,6457.106143213417
2023-11-18 09:00:43.198,12087,96.94444444444444,8,100,False,12,car,73.8,0 days 01:15:42.002000,0.23853695742529624,9398.225308641975,6499.119296550573
2023-11-18 09:00:43.557,12109,97.22222222222221,8,100,False,12,car,74.159,0 days 01:15:42.361000,0.3390472481714255,9452.16049382716,6411.234965222003
2023-11-25 14:38:56.206,11006,88.05555555555556,8,100,False,12,car,32.2,0 days 00:53:56.202000,0.6751543209876587,7753.780864197531,6164.25850031156
2023-11-25 14:38:56.566,11045,88.61111111111111,8,100,False,12,car,32.56,0 days 00:53:56.562000,1.6767568850901853,7851.929012345679,5339.533591514939
2023-11-25 14:38:56.726,11059,88.88888888888889,8,100,False,12,car,32.72,0 days 00:53:56.722000,0.8680555555555429,7901.234567901234,5978.086527777788
2023-11-25 14:38:56.886,11107,88.88888888888889,8,100,False,12,car,32.88,0 days 00:53:56.882000,0.6172839506173489,7901.234567901234,6208.937669753036
2023-11-25 14:38:57.086,11113,89.16666666666667,8,100,False,12,car,33.08,0 days 00:53:57.082000,0.6172839506173204,7950.694444444445,6191.658382369879
2023-11-25 14:38:57.246,11117,89.16666666666667,8,100,False,12,car,33.24,0 days 00:53:57.242000,0.237416904083517,7950.694444444445,6499.858831465105
2023-11-25 14:38:57.606,11171,89.44444444444444,8,100,False,12,car,33.6,0 days 00:53:57.602000,1.6975308641975175,8000.308641975308,5336.087654320999
2023-11-25 14:38:57.846,11208,90.0,8,100,False,12,car,33.84,0 days 00:53:57.842000,1.0521885521885395,8100.0,5836.277104377115
2023-11-25 14:38:58.046,11201,90.0,8,100,False,12,car,34.04,0 days 00:53:58.042000,0.33386752136748044,8100.0,6410.351460113993
2023-11-25 14:38:58.366,11257,90.27777777777777,8,100,False,12,car,34.36,0 days 00:53:58.362000,0.9341931216930845,8150.077160493826,5939.828075498606
2023-11-25 14:38:58.646,11260,90.55555555555556,8,100,False,12,car,34.64,0 days 00:53:58.642000,0.5580357142857366,8200.308641975309,6223.88554447851
2023-11-25 14:38:59.006,11312,90.55555555555556,8,100,False,12,car,35.0,0 days 00:53:59.002000,0.28509440901352434,8200.308641975309,6474.420473136751
2023-11-25 14:38:59.445,11329,90.83333333333333,8,100,False,12,car,35.439,0 days 00:53:59.441000,0.6650316948772712,8250.694444444443,6158.113705807283
2023-11-25 14:39:15.886,11047,88.33333333333333,8,100,False,12,car,51.88,0 days 00:54:15.882000,0.44563279857399607,7802.777777777777,6352.839182053595
2023-11-25 14:39:16.326,11087,88.88888888888889,8,100,False,12,car,52.32,0 days 00:54:16.322000,1.0972823472823734,7901.234567901234,5810.463960437688
2023-11-25 14:39:16.606,11161,89.16666666666667,8,100,False,12,car,52.6,0 days 00:54:16.602000,1.2235449735450175,7950.694444444445,5732.507978539251
2023-11-25 14:39:16.806,11173,89.44444444444444,8,100,False,12,car,52.8,0 days 00:54:16.802000,0.6944444444444571,8000.308641975308,6144.772222222211
2023-11-25 14:39:17.006,11191,89.44444444444444,8,100,False,12,car,53.0,0 days 00:54:17.002000,1.052188552188511,8000.308641975308,5867.588215488248
2023-11-25 14:39:17.246,11213,90.0,8,100,False,12,car,53.24,0 days 00:54:17.242000,0.7885632885632674,8100.0,6051.476923076941
2023-11-25 14:38:27.125,11014,88.05555555555556,8,100,False,12,car,32.32,0 days 00:53:27.121000,1.4632936507936734,7753.780864197531,5534.682049596897
2023-11-25 14:38:27.405,11048,88.61111111111111,8,100,False,12,car,32.6,0 days 00:53:27.401000,1.538970288970262,7851.929012345679,5452.268729291165
2023-11-25 14:38:27.645,11079,88.88888888888889,8,100,False,12,car,32.84,0 days 00:53:27.641000,1.0030864197530747,7901.234567901234,5881.461682098775
2023-11-25 14:38:28.005,11136,89.16666666666667,8,100,False,12,car,33.2,0 days 00:53:28.001000,1.0030864197530605,7950.694444444445,5894.930385369815
2023-11-25 14:38:28.245,11216,89.44444444444444,8,100,False,12,car,33.44,0 days 00:53:28.241000,1.242780730902254,8000.308641975308,5729.161511623686
2023-11-25 14:38:28.646,11202,90.0,8,100,False,12,car,33.841,0 days 00:53:28.642000,1.0976787544545914,8100.0,5796.079713775165
2023-11-25 14:38:28.966,11234,90.27777777777777,8,100,False,12,car,34.161,0 days 00:53:28.962000,0.4595588235294059,8150.077160493826,6308.236070135752
2023-11-25 14:38:29.326,11257,90.27777777777777,8,100,False,12,car,34.521,0 days 00:53:29.322000,1.2019230769230944,8150.077160493826,5724.305461538448
2023-11-25 14:38:29.486,11272,90.55555555555556,8,100,False,12,car,34.681,0 days 00:53:29.482000,0.8680555555555998,8200.308641975309,5981.431228697987
2023-11-25 14:38:29.646,11281,90.55555555555556,8,100,False,12,car,34.841,0 days 00:53:29.642000,0.36075036075037303,8200.308641975309,6395.145652847483
2023-11-25 14:38:29.926,11298,90.83333333333333,8,100,False,12,car,35.121,0 days 00:53:29.922000,0.457875457875474,8250.694444444443,6306.558880263455
2023-11-25 14:38:30.166,11325,90.83333333333333,8,100,False,12,car,35.361,0 days 00:53:30.162000,0.7575757575757791,8250.694444444443,6081.252432582691
2023-11-25 14:38:30.366,11336,91.11111111111111,8,100,False,12,car,35.561,0 days 00:53:30.362000,0.5208333333332718,8301.234567901236,6257.909654471594
2023-11-25 14:38:46.085,11003,88.33333333333333,8,100,False,12,car,51.28,0 days 00:53:46.081000,0.9645061728394637,7802.777777777777,5908.414040298195
2023-11-25 14:38:46.285,11032,88.33333333333333,8,100,False,12,car,51.48,0 days 00:53:46.281000,0.8267195767195687,7802.777777777777,6036.9511180992395
2023-11-25 14:38:46.565,11073,88.88888888888889,8,100,False,12,car,51.76,0 days 00:53:46.561000,1.8262987012986969,7901.234567901234,5215.153295454549
2023-11-25 14:38:46.725,11102,89.16666666666667,8,100,False,12,car,51.92,0 days 00:53:46.721000,1.0416666666666003,7950.694444444445,5843.409735202546
2023-11-25 14:38:46.965,11123,89.16666666666667,8,100,False,12,car,52.16,0 days 00:53:46.961000,0.5208333333332718,7950.694444444445,6275.319820872323
2023-11-25 14:38:47.365,11190,89.72222222222221,8,100,False,12,car,52.56,0 days 00:53:47.361000,1.2442129629629903,8050.077160493825,5691.622187105815
2023-11-25 14:38:47.605,11225,90.0,8,100,False,12,car,52.8,0 days 00:53:47.601000,0.46296296296299033,8100.0,6320.740740740718
